file,bytes,sha256
CITATION.cff,321,2743e08fdd76e457f4dc4a59d88624d0ff64aa8671601f7af0d7011233f51b65
LICENSE,310,fe67bd88adaa203c24fd5ae1f4c1a86fe78bb00713a38f390f0a8e7267518cee
README.md,2929,84156f64cd6729c31e8789c2168b759cdee3c802275cad3523e3f013dd696750
data/README.md,522,ef784d12f82011e8525cfcaa5d47334f278e969658194ba6bef1f037cb07df80
data/downstream/manuscript_analysis_dataset.csv,34688,6c9cb6a69309cb69362f0d63a87e77475645c3e099ffc4f5ec8b84be88eb57ec
data/morphology/detectron2_NEW110_morphology_features_99samples.csv,79110,6db3a9e46f169115aa439a89ddb099aee8059f5f54a9230224c84089c52553c7
data/morphology/expanded_morphology_features_NEW110_99samples.csv,539557,d45459122173a27686f8a1dcaf51868081677e0a3e218099af9b4b783feacd09
data/segmentation/train.json,10527867,1190b3fe85f02279910b7cc997625c788cc417125498f2aae9478a09b06d10ca
data/segmentation/val.json,2754559,ed22a03e29bd99d6d629fa8e5d4c9d22653b3d6427d4ea781c9fb2f64b033863
figures/figure_2_training_loss.png,526938,eb1685d3de26f03d13b149a8149b7418dc124d8d74115ee956c67a13d515c0f3
figures/figure_3_threshold_sensitivity.png,449779,62b351fe611f9d835313e3f75eaf15339100da00494b71d59b503ad40e046676
figures/figure_4_segmentation_examples.png,807992,fcc6c62bffc906fecb24279b5542aab9101419fd758992e30dff73467696174f
figures/figure_5_group_disjoint_cv.png,88839,b33ae3cd1960efa63fe9896cad01c34dd0439814d2caa5908f79bc7d7428e473
model/detectron2_config.yaml,690,89e9f283307719dbf47b713e2cd7b505628d7cae5627c566c7ddea865f6ccd07
model/model_final.pth,503217997,2cc530179815200351ed61637883f6c7a1c34f0ccc6f18262072f58f641154d5
notebooks/01_segmentation_training_evaluation.ipynb,341771,7ec26f15774dc33ab4df8cb289affe7b3ed2e6ad9bce93aa3654623d1f57845e
notebooks/02_downstream_materials_informatics.ipynb,20329,ffe6f67bc0e68e0be59cd05271ae108b34ea97c85b871b01c6d5aa3321d111aa
requirements.txt,111,bbd6df0fd271c59830e7efcac12ecffa360bc4e8e53b46863b500ce78b412eb0
results/direct_count_measurement_baselines.csv,408,65bd368fbf91edc208ba6183d2d48cfc30a42db649137241f2a7171a8c067322
results/feature_ablation_outer_folds.csv,16665,34dead37e442bb1fd8b7835342bd3665e3475ac42126186a0299e818d71924cb
results/feature_ablation_summary.csv,5133,37aff03c720e47d5b212cabdb487e79e3d4917b06d526c815aba3fd8f7f11b2f
results/gamma_prime_size_proxy_diagnostic.csv,1666,90365a960736e5ed776c5dbcbc0846578a4dd75ec63db11846e7c1cd4873527a
results/nested_cv_oof_predictions.csv,82904,71491d7dae7af973d523cc9d7d3b48c33b180ad031f788da4fca13b35272de2e
results/nested_cv_outer_fold_metrics.csv,4746,c059c9ea370d475a7f5979da71121137e42cb7074edb861c56180161214a865e
results/nested_cv_summary.csv,1418,c2eaddc9d2a915958958f221b5bef00775745a50ce490d7dfb9942d21ac8a896
results/provisional_group_audit.csv,28750,af111069e72a74ae1fb5bd9234bb2452044de5f382db58ef42c71a02fabedf82
results/threshold_sensitivity.csv,528,09e25f3955c42a06052240ed37b7b8f22de5dbc670b86fc875fbf61174f2d301
