detectron2_instance_count,detectron2_connected_component_count,detectron2_area_fraction,detectron2_union_area_px,detectron2_sum_instance_area_px,detectron2_mean_area_px,detectron2_median_area_px,detectron2_mean_eq_diameter_px,detectron2_median_eq_diameter_px,detectron2_mean_aspect_ratio,detectron2_mean_circularity,detectron2_mean_solidity,detectron2_mean_perimeter_px,detectron2_particle_density,file,file_key,image_path,pred_mask_path,overlay_path,detectron2_raw_detection_count,detectron2_score_threshold,detectron2_model_path
185,185,0.3816064453125,156306.0,156707.0,847.0648648648648,763.0,31.67177558871957,31.1686023528956,1.898249016529209,0.7311014442532869,0.9340866392812122,120.24368604187352,0.00045166015625,image_1.png,image_1,/content/drive/MyDrive/PHD/Isaac_new/new_file2/SimCLR_and_Detectron2_Prediction/images/image_1.png,/content/drive/MyDrive/PHD/Isaac_new/new_file2/SimCLR_and_Detectron2_Prediction/experiment3_NEW110_MORPHOLOGY_NESTEDCV/detectron2_predicted_union_masks/image_1_mask.png,/content/drive/MyDrive/PHD/Isaac_new/new_file2/SimCLR_and_Detectron2_Prediction/experiment3_NEW110_MORPHOLOGY_NESTEDCV/detectron2_overlays/image_1_overlay.png,185,0.05,/content/drive/MyDrive/PHD/Isaac_new/new_file2/seg_paper1_outputs_sigma_push_with_coco_new_and_new2-/detectron2_output/model_best_ap50.pth
260,260,0.4386181640625,179658.0,179658.0,690.9923076923077,619.0,28.80052788497907,28.07371050032218,1.5686166884703758,0.8290543417566216,0.9788351009961115,100.04657868328604,0.000634765625,image_2.png,image_2,/content/drive/MyDrive/PHD/Isaac_new/new_file2/SimCLR_and_Detectron2_Prediction/images/image_2.png,/content/drive/MyDrive/PHD/Isaac_new/new_file2/SimCLR_and_Detectron2_Prediction/experiment3_NEW110_MORPHOLOGY_NESTEDCV/detectron2_predicted_union_masks/image_2_mask.png,/content/drive/MyDrive/PHD/Isaac_new/new_file2/SimCLR_and_Detectron2_Prediction/experiment3_NEW110_MORPHOLOGY_NESTEDCV/detectron2_overlays/image_2_overlay.png,260,0.05,/content/drive/MyDrive/PHD/Isaac_new/new_file2/seg_paper1_outputs_sigma_push_with_coco_new_and_new2-/detectron2_output/model_best_ap50.pth
292,293,0.3396923828125,139138.0,139053.0,476.208904109589,366.0,22.894021353628855,21.587164551489145,1.7029903149779646,0.8304849534898474,0.9685190553736869,81.14622421089479,0.000712890625,image_3.png,image_3,/content/drive/MyDrive/PHD/Isaac_new/new_file2/SimCLR_and_Detectron2_Prediction/images/image_3.png,/content/drive/MyDrive/PHD/Isaac_new/new_file2/SimCLR_and_Detectron2_Prediction/experiment3_NEW110_MORPHOLOGY_NESTEDCV/detectron2_predicted_union_masks/image_3_mask.png,/content/drive/MyDrive/PHD/Isaac_new/new_file2/SimCLR_and_Detectron2_Prediction/experiment3_NEW110_MORPHOLOGY_NESTEDCV/detectron2_overlays/image_3_overlay.png,292,0.05,/content/drive/MyDrive/PHD/Isaac_new/new_file2/seg_paper1_outputs_sigma_push_with_coco_new_and_new2-/detectron2_output/model_best_ap50.pth
330,330,0.43769287109375,179279.0,179279.0,543.269696969697,457.0,25.32789309409496,24.12193370873227,1.4791147597314718,0.8412387496612482,0.9664506760736665,88.40752282740038,0.0008056640625,image_4.png,image_4,/content/drive/MyDrive/PHD/Isaac_new/new_file2/SimCLR_and_Detectron2_Prediction/images/image_4.png,/content/drive/MyDrive/PHD/Isaac_new/new_file2/SimCLR_and_Detectron2_Prediction/experiment3_NEW110_MORPHOLOGY_NESTEDCV/detectron2_predicted_union_masks/image_4_mask.png,/content/drive/MyDrive/PHD/Isaac_new/new_file2/SimCLR_and_Detectron2_Prediction/experiment3_NEW110_MORPHOLOGY_NESTEDCV/detectron2_overlays/image_4_overlay.png,330,0.05,/content/drive/MyDrive/PHD/Isaac_new/new_file2/seg_paper1_outputs_sigma_push_with_coco_new_and_new2-/detectron2_output/model_best_ap50.pth
189,188,0.50169189453125,205493.0,205764.0,1088.6984126984128,994.0,35.983054751195695,35.575273821388244,1.6723023438929165,0.771724580284695,0.9560319061293556,130.75425644130036,0.00046142578125,image_5.png,image_5,/content/drive/MyDrive/PHD/Isaac_new/new_file2/SimCLR_and_Detectron2_Prediction/images/image_5.png,/content/drive/MyDrive/PHD/Isaac_new/new_file2/SimCLR_and_Detectron2_Prediction/experiment3_NEW110_MORPHOLOGY_NESTEDCV/detectron2_predicted_union_masks/image_5_mask.png,/content/drive/MyDrive/PHD/Isaac_new/new_file2/SimCLR_and_Detectron2_Prediction/experiment3_NEW110_MORPHOLOGY_NESTEDCV/detectron2_overlays/image_5_overlay.png,189,0.05,/content/drive/MyDrive/PHD/Isaac_new/new_file2/seg_paper1_outputs_sigma_push_with_coco_new_and_new2-/detectron2_output/model_best_ap50.pth
297,297,0.22908935546875,93835.0,93835.0,315.94276094276097,290.0,19.709961257853696,19.21560480373171,1.3762403380602692,0.9197937299371102,0.9716960611227529,65.0872865044275,0.00072509765625,image_7.png,image_7,/content/drive/MyDrive/PHD/Isaac_new/new_file2/SimCLR_and_Detectron2_Prediction/images/image_7.png,/content/drive/MyDrive/PHD/Isaac_new/new_file2/SimCLR_and_Detectron2_Prediction/experiment3_NEW110_MORPHOLOGY_NESTEDCV/detectron2_predicted_union_masks/image_7_mask.png,/content/drive/MyDrive/PHD/Isaac_new/new_file2/SimCLR_and_Detectron2_Prediction/experiment3_NEW110_MORPHOLOGY_NESTEDCV/detectron2_overlays/image_7_overlay.png,297,0.05,/content/drive/MyDrive/PHD/Isaac_new/new_file2/seg_paper1_outputs_sigma_push_with_coco_new_and_new2-/detectron2_output/model_best_ap50.pth
223,223,0.301083984375,123324.0,123324.0,553.0224215246636,456.0,25.66356891737001,24.095585330081406,3.4435591223266755,0.6372153606221744,0.958700489997598,105.62966966993453,0.00054443359375,image_8.png,image_8,/content/drive/MyDrive/PHD/Isaac_new/new_file2/SimCLR_and_Detectron2_Prediction/images/image_8.png,/content/drive/MyDrive/PHD/Isaac_new/new_file2/SimCLR_and_Detectron2_Prediction/experiment3_NEW110_MORPHOLOGY_NESTEDCV/detectron2_predicted_union_masks/image_8_mask.png,/content/drive/MyDrive/PHD/Isaac_new/new_file2/SimCLR_and_Detectron2_Prediction/experiment3_NEW110_MORPHOLOGY_NESTEDCV/detectron2_overlays/image_8_overlay.png,223,0.05,/content/drive/MyDrive/PHD/Isaac_new/new_file2/seg_paper1_outputs_sigma_push_with_coco_new_and_new2-/detectron2_output/model_best_ap50.pth
251,251,0.4007763671875,164158.0,164158.0,654.01593625498,602.0,28.10433834836809,27.685559519911603,1.7198640928421787,0.820074164803938,0.9798704529557277,98.47925985593008,0.00061279296875,image_9.png,image_9,/content/drive/MyDrive/PHD/Isaac_new/new_file2/SimCLR_and_Detectron2_Prediction/images/image_9.png,/content/drive/MyDrive/PHD/Isaac_new/new_file2/SimCLR_and_Detectron2_Prediction/experiment3_NEW110_MORPHOLOGY_NESTEDCV/detectron2_predicted_union_masks/image_9_mask.png,/content/drive/MyDrive/PHD/Isaac_new/new_file2/SimCLR_and_Detectron2_Prediction/experiment3_NEW110_MORPHOLOGY_NESTEDCV/detectron2_overlays/image_9_overlay.png,251,0.05,/content/drive/MyDrive/PHD/Isaac_new/new_file2/seg_paper1_outputs_sigma_push_with_coco_new_and_new2-/detectron2_output/model_best_ap50.pth
406,406,0.32457763671875,132947.0,132947.0,327.45566502463055,296.0,20.04531884898741,19.413369239820483,1.6655688760234448,0.8374049703490112,0.9672057729809144,69.57567990217001,0.0009912109375,image_10.png,image_10,/content/drive/MyDrive/PHD/Isaac_new/new_file2/SimCLR_and_Detectron2_Prediction/images/image_10.png,/content/drive/MyDrive/PHD/Isaac_new/new_file2/SimCLR_and_Detectron2_Prediction/experiment3_NEW110_MORPHOLOGY_NESTEDCV/detectron2_predicted_union_masks/image_10_mask.png,/content/drive/MyDrive/PHD/Isaac_new/new_file2/SimCLR_and_Detectron2_Prediction/experiment3_NEW110_MORPHOLOGY_NESTEDCV/detectron2_overlays/image_10_overlay.png,406,0.05,/content/drive/MyDrive/PHD/Isaac_new/new_file2/seg_paper1_outputs_sigma_push_with_coco_new_and_new2-/detectron2_output/model_best_ap50.pth
74,73,0.42548583984375,174279.0,174297.0,2355.364864864865,2103.0,52.631551241515346,51.74537673919184,1.7029390667979512,0.7655727110748038,0.96522422171558,190.47198231716624,0.0001806640625,image_11.png,image_11,/content/drive/MyDrive/PHD/Isaac_new/new_file2/SimCLR_and_Detectron2_Prediction/images/image_11.png,/content/drive/MyDrive/PHD/Isaac_new/new_file2/SimCLR_and_Detectron2_Prediction/experiment3_NEW110_MORPHOLOGY_NESTEDCV/detectron2_predicted_union_masks/image_11_mask.png,/content/drive/MyDrive/PHD/Isaac_new/new_file2/SimCLR_and_Detectron2_Prediction/experiment3_NEW110_MORPHOLOGY_NESTEDCV/detectron2_overlays/image_11_overlay.png,74,0.05,/content/drive/MyDrive/PHD/Isaac_new/new_file2/seg_paper1_outputs_sigma_push_with_coco_new_and_new2-/detectron2_output/model_best_ap50.pth
349,347,0.2062939453125,84498.0,84549.0,242.26074498567334,226.0,17.386116640887437,16.96325844612841,1.535615185076174,0.8702487774660926,0.9712438288385548,59.0184362963356,0.00085205078125,image_12.png,image_12,/content/drive/MyDrive/PHD/Isaac_new/new_file2/SimCLR_and_Detectron2_Prediction/images/image_12.png,/content/drive/MyDrive/PHD/Isaac_new/new_file2/SimCLR_and_Detectron2_Prediction/experiment3_NEW110_MORPHOLOGY_NESTEDCV/detectron2_predicted_union_masks/image_12_mask.png,/content/drive/MyDrive/PHD/Isaac_new/new_file2/SimCLR_and_Detectron2_Prediction/experiment3_NEW110_MORPHOLOGY_NESTEDCV/detectron2_overlays/image_12_overlay.png,349,0.05,/content/drive/MyDrive/PHD/Isaac_new/new_file2/seg_paper1_outputs_sigma_push_with_coco_new_and_new2-/detectron2_output/model_best_ap50.pth
127,127,0.41976806640625,171937.0,171937.0,1353.8346456692914,1241.0,40.55428853291737,39.75034936973935,1.8072521825875782,0.791754636253865,0.9743448442257993,145.6024206871972,0.00031005859375,image_13.png,image_13,/content/drive/MyDrive/PHD/Isaac_new/new_file2/SimCLR_and_Detectron2_Prediction/images/image_13.png,/content/drive/MyDrive/PHD/Isaac_new/new_file2/SimCLR_and_Detectron2_Prediction/experiment3_NEW110_MORPHOLOGY_NESTEDCV/detectron2_predicted_union_masks/image_13_mask.png,/content/drive/MyDrive/PHD/Isaac_new/new_file2/SimCLR_and_Detectron2_Prediction/experiment3_NEW110_MORPHOLOGY_NESTEDCV/detectron2_overlays/image_13_overlay.png,127,0.05,/content/drive/MyDrive/PHD/Isaac_new/new_file2/seg_paper1_outputs_sigma_push_with_coco_new_and_new2-/detectron2_output/model_best_ap50.pth
283,283,0.186123046875,76236.0,76236.0,269.3851590106007,253.0,18.27702446344075,17.94796937867892,1.6077666341733488,0.8883361921189812,0.961352780654924,61.407775609225155,0.00069091796875,image_14.png,image_14,/content/drive/MyDrive/PHD/Isaac_new/new_file2/SimCLR_and_Detectron2_Prediction/images/image_14.png,/content/drive/MyDrive/PHD/Isaac_new/new_file2/SimCLR_and_Detectron2_Prediction/experiment3_NEW110_MORPHOLOGY_NESTEDCV/detectron2_predicted_union_masks/image_14_mask.png,/content/drive/MyDrive/PHD/Isaac_new/new_file2/SimCLR_and_Detectron2_Prediction/experiment3_NEW110_MORPHOLOGY_NESTEDCV/detectron2_overlays/image_14_overlay.png,283,0.05,/content/drive/MyDrive/PHD/Isaac_new/new_file2/seg_paper1_outputs_sigma_push_with_coco_new_and_new2-/detectron2_output/model_best_ap50.pth
152,146,0.4149853515625,169978.0,170877.0,1124.1907894736842,1119.5,37.118169786839914,37.754351147692915,1.6248838348210695,0.8035143487098797,0.962730725102553,130.2613913200288,0.00037109375,image_15.png,image_15,/content/drive/MyDrive/PHD/Isaac_new/new_file2/SimCLR_and_Detectron2_Prediction/images/image_15.png,/content/drive/MyDrive/PHD/Isaac_new/new_file2/SimCLR_and_Detectron2_Prediction/experiment3_NEW110_MORPHOLOGY_NESTEDCV/detectron2_predicted_union_masks/image_15_mask.png,/content/drive/MyDrive/PHD/Isaac_new/new_file2/SimCLR_and_Detectron2_Prediction/experiment3_NEW110_MORPHOLOGY_NESTEDCV/detectron2_overlays/image_15_overlay.png,152,0.05,/content/drive/MyDrive/PHD/Isaac_new/new_file2/seg_paper1_outputs_sigma_push_with_coco_new_and_new2-/detectron2_output/model_best_ap50.pth
104,104,0.54148681640625,221793.0,221793.0,2132.625,1958.5,50.87189284663248,49.936306750706805,1.4609618060329788,0.8262829069155454,0.9846098729090939,176.04146475320124,0.00025390625,image_16.png,image_16,/content/drive/MyDrive/PHD/Isaac_new/new_file2/SimCLR_and_Detectron2_Prediction/images/image_16.png,/content/drive/MyDrive/PHD/Isaac_new/new_file2/SimCLR_and_Detectron2_Prediction/experiment3_NEW110_MORPHOLOGY_NESTEDCV/detectron2_predicted_union_masks/image_16_mask.png,/content/drive/MyDrive/PHD/Isaac_new/new_file2/SimCLR_and_Detectron2_Prediction/experiment3_NEW110_MORPHOLOGY_NESTEDCV/detectron2_overlays/image_16_overlay.png,104,0.05,/content/drive/MyDrive/PHD/Isaac_new/new_file2/seg_paper1_outputs_sigma_push_with_coco_new_and_new2-/detectron2_output/model_best_ap50.pth
137,134,0.39067626953125,160021.0,162665.0,1187.3357664233577,1033.0,37.40618739838864,36.266464532835606,1.8397658540017165,0.7072365310643237,0.9018937245387345,146.92607584510094,0.00033447265625,image_17.png,image_17,/content/drive/MyDrive/PHD/Isaac_new/new_file2/SimCLR_and_Detectron2_Prediction/images/image_17.png,/content/drive/MyDrive/PHD/Isaac_new/new_file2/SimCLR_and_Detectron2_Prediction/experiment3_NEW110_MORPHOLOGY_NESTEDCV/detectron2_predicted_union_masks/image_17_mask.png,/content/drive/MyDrive/PHD/Isaac_new/new_file2/SimCLR_and_Detectron2_Prediction/experiment3_NEW110_MORPHOLOGY_NESTEDCV/detectron2_overlays/image_17_overlay.png,137,0.05,/content/drive/MyDrive/PHD/Isaac_new/new_file2/seg_paper1_outputs_sigma_push_with_coco_new_and_new2-/detectron2_output/model_best_ap50.pth
263,262,0.39906982421875,163459.0,163890.0,623.1558935361217,581.0,27.382543252474527,27.19838553096727,1.8779028595327978,0.7119754798236808,0.9261949487482273,104.1722447987711,0.00064208984375,image_19.png,image_19,/content/drive/MyDrive/PHD/Isaac_new/new_file2/SimCLR_and_Detectron2_Prediction/images/image_19.png,/content/drive/MyDrive/PHD/Isaac_new/new_file2/SimCLR_and_Detectron2_Prediction/experiment3_NEW110_MORPHOLOGY_NESTEDCV/detectron2_predicted_union_masks/image_19_mask.png,/content/drive/MyDrive/PHD/Isaac_new/new_file2/SimCLR_and_Detectron2_Prediction/experiment3_NEW110_MORPHOLOGY_NESTEDCV/detectron2_overlays/image_19_overlay.png,263,0.05,/content/drive/MyDrive/PHD/Isaac_new/new_file2/seg_paper1_outputs_sigma_push_with_coco_new_and_new2-/detectron2_output/model_best_ap50.pth
132,132,0.37935302734375,155383.0,155344.0,1176.8484848484848,1113.0,37.97815822473212,37.6445922716327,1.5520902394104792,0.8233406335309936,0.9694152754220625,132.81589648585648,0.000322265625,image_21.png,image_21,/content/drive/MyDrive/PHD/Isaac_new/new_file2/SimCLR_and_Detectron2_Prediction/images/image_21.png,/content/drive/MyDrive/PHD/Isaac_new/new_file2/SimCLR_and_Detectron2_Prediction/experiment3_NEW110_MORPHOLOGY_NESTEDCV/detectron2_predicted_union_masks/image_21_mask.png,/content/drive/MyDrive/PHD/Isaac_new/new_file2/SimCLR_and_Detectron2_Prediction/experiment3_NEW110_MORPHOLOGY_NESTEDCV/detectron2_overlays/image_21_overlay.png,132,0.05,/content/drive/MyDrive/PHD/Isaac_new/new_file2/seg_paper1_outputs_sigma_push_with_coco_new_and_new2-/detectron2_output/model_best_ap50.pth
271,271,0.21571044921875,88355.0,88355.0,326.0332103321033,308.0,20.053465087385224,19.802974013476614,1.9283259440582792,0.7978909890362491,0.9519528086669286,70.94578543504525,0.00066162109375,image_23.png,image_23,/content/drive/MyDrive/PHD/Isaac_new/new_file2/SimCLR_and_Detectron2_Prediction/images/image_23.png,/content/drive/MyDrive/PHD/Isaac_new/new_file2/SimCLR_and_Detectron2_Prediction/experiment3_NEW110_MORPHOLOGY_NESTEDCV/detectron2_predicted_union_masks/image_23_mask.png,/content/drive/MyDrive/PHD/Isaac_new/new_file2/SimCLR_and_Detectron2_Prediction/experiment3_NEW110_MORPHOLOGY_NESTEDCV/detectron2_overlays/image_23_overlay.png,271,0.05,/content/drive/MyDrive/PHD/Isaac_new/new_file2/seg_paper1_outputs_sigma_push_with_coco_new_and_new2-/detectron2_output/model_best_ap50.pth
138,139,0.5229541015625,214202.0,214182.0,1552.0434782608695,1292.5,42.579359127171344,40.56548542999199,2.238041572366159,0.7338087405337934,0.9798586997140016,159.3509943914055,0.0003369140625,image_24.png,image_24,/content/drive/MyDrive/PHD/Isaac_new/new_file2/SimCLR_and_Detectron2_Prediction/images/image_24.png,/content/drive/MyDrive/PHD/Isaac_new/new_file2/SimCLR_and_Detectron2_Prediction/experiment3_NEW110_MORPHOLOGY_NESTEDCV/detectron2_predicted_union_masks/image_24_mask.png,/content/drive/MyDrive/PHD/Isaac_new/new_file2/SimCLR_and_Detectron2_Prediction/experiment3_NEW110_MORPHOLOGY_NESTEDCV/detectron2_overlays/image_24_overlay.png,138,0.05,/content/drive/MyDrive/PHD/Isaac_new/new_file2/seg_paper1_outputs_sigma_push_with_coco_new_and_new2-/detectron2_output/model_best_ap50.pth
226,227,0.42064208984375,172295.0,172323.0,762.4911504424779,670.5,29.902559205646597,29.218216024258293,1.8110013552818822,0.7600500361195172,0.9420804928009779,110.61546450268669,0.0005517578125,image_28.png,image_28,/content/drive/MyDrive/PHD/Isaac_new/new_file2/SimCLR_and_Detectron2_Prediction/images/image_28.png,/content/drive/MyDrive/PHD/Isaac_new/new_file2/SimCLR_and_Detectron2_Prediction/experiment3_NEW110_MORPHOLOGY_NESTEDCV/detectron2_predicted_union_masks/image_28_mask.png,/content/drive/MyDrive/PHD/Isaac_new/new_file2/SimCLR_and_Detectron2_Prediction/experiment3_NEW110_MORPHOLOGY_NESTEDCV/detectron2_overlays/image_28_overlay.png,226,0.05,/content/drive/MyDrive/PHD/Isaac_new/new_file2/seg_paper1_outputs_sigma_push_with_coco_new_and_new2-/detectron2_output/model_best_ap50.pth
212,212,0.40042236328125,164013.0,164013.0,773.6462264150944,702.5,30.40558113006696,29.907352953369738,1.6041901464355532,0.8229768701064842,0.9734499936878519,106.41247428376245,0.000517578125,image_29.png,image_29,/content/drive/MyDrive/PHD/Isaac_new/new_file2/SimCLR_and_Detectron2_Prediction/images/image_29.png,/content/drive/MyDrive/PHD/Isaac_new/new_file2/SimCLR_and_Detectron2_Prediction/experiment3_NEW110_MORPHOLOGY_NESTEDCV/detectron2_predicted_union_masks/image_29_mask.png,/content/drive/MyDrive/PHD/Isaac_new/new_file2/SimCLR_and_Detectron2_Prediction/experiment3_NEW110_MORPHOLOGY_NESTEDCV/detectron2_overlays/image_29_overlay.png,212,0.05,/content/drive/MyDrive/PHD/Isaac_new/new_file2/seg_paper1_outputs_sigma_push_with_coco_new_and_new2-/detectron2_output/model_best_ap50.pth
340,339,0.28628662109375,117263.0,117268.0,344.90588235294115,321.0,20.599945920138104,20.21655020615531,1.768093764986548,0.8665883351767377,0.9672393872055378,69.92380366030481,0.000830078125,image_30.png,image_30,/content/drive/MyDrive/PHD/Isaac_new/new_file2/SimCLR_and_Detectron2_Prediction/images/image_30.png,/content/drive/MyDrive/PHD/Isaac_new/new_file2/SimCLR_and_Detectron2_Prediction/experiment3_NEW110_MORPHOLOGY_NESTEDCV/detectron2_predicted_union_masks/image_30_mask.png,/content/drive/MyDrive/PHD/Isaac_new/new_file2/SimCLR_and_Detectron2_Prediction/experiment3_NEW110_MORPHOLOGY_NESTEDCV/detectron2_overlays/image_30_overlay.png,340,0.05,/content/drive/MyDrive/PHD/Isaac_new/new_file2/seg_paper1_outputs_sigma_push_with_coco_new_and_new2-/detectron2_output/model_best_ap50.pth
186,185,0.3836181640625,157130.0,157139.0,844.8333333333334,776.0,31.810052590684684,31.432588720230612,2.5260842202693534,0.7162818208551187,0.9775452351002287,119.68873312365572,0.0004541015625,image_31.png,image_31,/content/drive/MyDrive/PHD/Isaac_new/new_file2/SimCLR_and_Detectron2_Prediction/images/image_31.png,/content/drive/MyDrive/PHD/Isaac_new/new_file2/SimCLR_and_Detectron2_Prediction/experiment3_NEW110_MORPHOLOGY_NESTEDCV/detectron2_predicted_union_masks/image_31_mask.png,/content/drive/MyDrive/PHD/Isaac_new/new_file2/SimCLR_and_Detectron2_Prediction/experiment3_NEW110_MORPHOLOGY_NESTEDCV/detectron2_overlays/image_31_overlay.png,186,0.05,/content/drive/MyDrive/PHD/Isaac_new/new_file2/seg_paper1_outputs_sigma_push_with_coco_new_and_new2-/detectron2_output/model_best_ap50.pth
84,83,0.41885009765625,171561.0,171571.0,2042.5119047619048,1804.5,49.452738085555424,47.92679203771489,1.6139779625637185,0.7881087304357381,0.9671799153602478,176.95338497539504,0.000205078125,image_32.png,image_32,/content/drive/MyDrive/PHD/Isaac_new/new_file2/SimCLR_and_Detectron2_Prediction/images/image_32.png,/content/drive/MyDrive/PHD/Isaac_new/new_file2/SimCLR_and_Detectron2_Prediction/experiment3_NEW110_MORPHOLOGY_NESTEDCV/detectron2_predicted_union_masks/image_32_mask.png,/content/drive/MyDrive/PHD/Isaac_new/new_file2/SimCLR_and_Detectron2_Prediction/experiment3_NEW110_MORPHOLOGY_NESTEDCV/detectron2_overlays/image_32_overlay.png,84,0.05,/content/drive/MyDrive/PHD/Isaac_new/new_file2/seg_paper1_outputs_sigma_push_with_coco_new_and_new2-/detectron2_output/model_best_ap50.pth
172,172,0.5102685546875,209006.0,209068.0,1215.5116279069769,1049.0,38.082560533402855,36.545982842220745,1.6491129426568354,0.780566744470905,0.9627043501829367,135.56180522534115,0.000419921875,image_33.png,image_33,/content/drive/MyDrive/PHD/Isaac_new/new_file2/SimCLR_and_Detectron2_Prediction/images/image_33.png,/content/drive/MyDrive/PHD/Isaac_new/new_file2/SimCLR_and_Detectron2_Prediction/experiment3_NEW110_MORPHOLOGY_NESTEDCV/detectron2_predicted_union_masks/image_33_mask.png,/content/drive/MyDrive/PHD/Isaac_new/new_file2/SimCLR_and_Detectron2_Prediction/experiment3_NEW110_MORPHOLOGY_NESTEDCV/detectron2_overlays/image_33_overlay.png,172,0.05,/content/drive/MyDrive/PHD/Isaac_new/new_file2/seg_paper1_outputs_sigma_push_with_coco_new_and_new2-/detectron2_output/model_best_ap50.pth
178,178,0.48444580078125,198429.0,198429.0,1114.7696629213483,1061.5,36.65466841158172,36.763322789959446,1.651657185679337,0.7464614626218765,0.9434975466057066,135.76935097651267,0.0004345703125,image_34.png,image_34,/content/drive/MyDrive/PHD/Isaac_new/new_file2/SimCLR_and_Detectron2_Prediction/images/image_34.png,/content/drive/MyDrive/PHD/Isaac_new/new_file2/SimCLR_and_Detectron2_Prediction/experiment3_NEW110_MORPHOLOGY_NESTEDCV/detectron2_predicted_union_masks/image_34_mask.png,/content/drive/MyDrive/PHD/Isaac_new/new_file2/SimCLR_and_Detectron2_Prediction/experiment3_NEW110_MORPHOLOGY_NESTEDCV/detectron2_overlays/image_34_overlay.png,178,0.05,/content/drive/MyDrive/PHD/Isaac_new/new_file2/seg_paper1_outputs_sigma_push_with_coco_new_and_new2-/detectron2_output/model_best_ap50.pth
328,326,0.271123046875,111052.0,111218.0,339.0792682926829,329.0,20.507800349964615,20.466849785765827,1.2824998104849779,0.9180254020083327,0.9794871410354499,67.34076411412866,0.00080078125,image_35.png,image_35,/content/drive/MyDrive/PHD/Isaac_new/new_file2/SimCLR_and_Detectron2_Prediction/images/image_35.png,/content/drive/MyDrive/PHD/Isaac_new/new_file2/SimCLR_and_Detectron2_Prediction/experiment3_NEW110_MORPHOLOGY_NESTEDCV/detectron2_predicted_union_masks/image_35_mask.png,/content/drive/MyDrive/PHD/Isaac_new/new_file2/SimCLR_and_Detectron2_Prediction/experiment3_NEW110_MORPHOLOGY_NESTEDCV/detectron2_overlays/image_35_overlay.png,328,0.05,/content/drive/MyDrive/PHD/Isaac_new/new_file2/seg_paper1_outputs_sigma_push_with_coco_new_and_new2-/detectron2_output/model_best_ap50.pth
74,74,0.6085009765625,249242.0,249242.0,3368.135135135135,2799.0,62.81892240867985,59.695948837169894,2.2816026692556526,0.7099500533322864,0.9729189981248448,236.36003270571402,0.0001806640625,image_36.png,image_36,/content/drive/MyDrive/PHD/Isaac_new/new_file2/SimCLR_and_Detectron2_Prediction/images/image_36.png,/content/drive/MyDrive/PHD/Isaac_new/new_file2/SimCLR_and_Detectron2_Prediction/experiment3_NEW110_MORPHOLOGY_NESTEDCV/detectron2_predicted_union_masks/image_36_mask.png,/content/drive/MyDrive/PHD/Isaac_new/new_file2/SimCLR_and_Detectron2_Prediction/experiment3_NEW110_MORPHOLOGY_NESTEDCV/detectron2_overlays/image_36_overlay.png,74,0.05,/content/drive/MyDrive/PHD/Isaac_new/new_file2/seg_paper1_outputs_sigma_push_with_coco_new_and_new2-/detectron2_output/model_best_ap50.pth
323,323,0.2861279296875,117198.0,117134.0,362.64396284829724,303.0,20.827641252594763,19.64157789116634,2.117047264804109,0.7239628428390487,0.9238350520422964,79.27479133240115,0.00078857421875,image_37.png,image_37,/content/drive/MyDrive/PHD/Isaac_new/new_file2/SimCLR_and_Detectron2_Prediction/images/image_37.png,/content/drive/MyDrive/PHD/Isaac_new/new_file2/SimCLR_and_Detectron2_Prediction/experiment3_NEW110_MORPHOLOGY_NESTEDCV/detectron2_predicted_union_masks/image_37_mask.png,/content/drive/MyDrive/PHD/Isaac_new/new_file2/SimCLR_and_Detectron2_Prediction/experiment3_NEW110_MORPHOLOGY_NESTEDCV/detectron2_overlays/image_37_overlay.png,323,0.05,/content/drive/MyDrive/PHD/Isaac_new/new_file2/seg_paper1_outputs_sigma_push_with_coco_new_and_new2-/detectron2_output/model_best_ap50.pth
404,404,0.3889794921875,159326.0,159546.0,394.91584158415844,354.0,21.883398269975196,21.23032733700184,1.4656532408164091,0.8496939064822642,0.9644215896298838,75.68724495852089,0.000986328125,image_38.png,image_38,/content/drive/MyDrive/PHD/Isaac_new/new_file2/SimCLR_and_Detectron2_Prediction/images/image_38.png,/content/drive/MyDrive/PHD/Isaac_new/new_file2/SimCLR_and_Detectron2_Prediction/experiment3_NEW110_MORPHOLOGY_NESTEDCV/detectron2_predicted_union_masks/image_38_mask.png,/content/drive/MyDrive/PHD/Isaac_new/new_file2/SimCLR_and_Detectron2_Prediction/experiment3_NEW110_MORPHOLOGY_NESTEDCV/detectron2_overlays/image_38_overlay.png,404,0.05,/content/drive/MyDrive/PHD/Isaac_new/new_file2/seg_paper1_outputs_sigma_push_with_coco_new_and_new2-/detectron2_output/model_best_ap50.pth
262,265,0.38295166015625,156857.0,156669.0,597.9732824427481,563.5,26.91419796848149,26.785636864525614,1.8521893700948557,0.7192967210607512,0.9271939573286702,101.7068577822589,0.0006396484375,image_39.png,image_39,/content/drive/MyDrive/PHD/Isaac_new/new_file2/SimCLR_and_Detectron2_Prediction/images/image_39.png,/content/drive/MyDrive/PHD/Isaac_new/new_file2/SimCLR_and_Detectron2_Prediction/experiment3_NEW110_MORPHOLOGY_NESTEDCV/detectron2_predicted_union_masks/image_39_mask.png,/content/drive/MyDrive/PHD/Isaac_new/new_file2/SimCLR_and_Detectron2_Prediction/experiment3_NEW110_MORPHOLOGY_NESTEDCV/detectron2_overlays/image_39_overlay.png,262,0.05,/content/drive/MyDrive/PHD/Isaac_new/new_file2/seg_paper1_outputs_sigma_push_with_coco_new_and_new2-/detectron2_output/model_best_ap50.pth
254,253,0.37418212890625,153265.0,153265.0,603.4055118110236,527.5,27.007238952089196,25.915873555123703,1.50753436543677,0.8372571041692106,0.9719613028798805,93.69317271063466,0.0006201171875,image_40.png,image_40,/content/drive/MyDrive/PHD/Isaac_new/new_file2/SimCLR_and_Detectron2_Prediction/images/image_40.png,/content/drive/MyDrive/PHD/Isaac_new/new_file2/SimCLR_and_Detectron2_Prediction/experiment3_NEW110_MORPHOLOGY_NESTEDCV/detectron2_predicted_union_masks/image_40_mask.png,/content/drive/MyDrive/PHD/Isaac_new/new_file2/SimCLR_and_Detectron2_Prediction/experiment3_NEW110_MORPHOLOGY_NESTEDCV/detectron2_overlays/image_40_overlay.png,254,0.05,/content/drive/MyDrive/PHD/Isaac_new/new_file2/seg_paper1_outputs_sigma_push_with_coco_new_and_new2-/detectron2_output/model_best_ap50.pth
399,399,0.4752392578125,194658.0,194658.0,487.8646616541353,449.0,24.35087276179071,23.90992587997897,1.423537414655277,0.8536280369326216,0.9828035819423199,83.19984954058496,0.00097412109375,image_41.png,image_41,/content/drive/MyDrive/PHD/Isaac_new/new_file2/SimCLR_and_Detectron2_Prediction/images/image_41.png,/content/drive/MyDrive/PHD/Isaac_new/new_file2/SimCLR_and_Detectron2_Prediction/experiment3_NEW110_MORPHOLOGY_NESTEDCV/detectron2_predicted_union_masks/image_41_mask.png,/content/drive/MyDrive/PHD/Isaac_new/new_file2/SimCLR_and_Detectron2_Prediction/experiment3_NEW110_MORPHOLOGY_NESTEDCV/detectron2_overlays/image_41_overlay.png,399,0.05,/content/drive/MyDrive/PHD/Isaac_new/new_file2/seg_paper1_outputs_sigma_push_with_coco_new_and_new2-/detectron2_output/model_best_ap50.pth
260,260,0.44073974609375,180527.0,180527.0,694.3346153846154,641.0,28.980365207973186,28.568278705151968,2.1915647468109754,0.7322214188389616,0.9529915361262786,107.47854058180565,0.000634765625,image_42.png,image_42,/content/drive/MyDrive/PHD/Isaac_new/new_file2/SimCLR_and_Detectron2_Prediction/images/image_42.png,/content/drive/MyDrive/PHD/Isaac_new/new_file2/SimCLR_and_Detectron2_Prediction/experiment3_NEW110_MORPHOLOGY_NESTEDCV/detectron2_predicted_union_masks/image_42_mask.png,/content/drive/MyDrive/PHD/Isaac_new/new_file2/SimCLR_and_Detectron2_Prediction/experiment3_NEW110_MORPHOLOGY_NESTEDCV/detectron2_overlays/image_42_overlay.png,260,0.05,/content/drive/MyDrive/PHD/Isaac_new/new_file2/seg_paper1_outputs_sigma_push_with_coco_new_and_new2-/detectron2_output/model_best_ap50.pth
387,387,0.317509765625,130052.0,130052.0,336.0516795865633,312.0,20.335784519648023,19.931149940667517,1.4399081237622589,0.8923680804968097,0.9772932597776636,67.96554058704172,0.00094482421875,image_43.png,image_43,/content/drive/MyDrive/PHD/Isaac_new/new_file2/SimCLR_and_Detectron2_Prediction/images/image_43.png,/content/drive/MyDrive/PHD/Isaac_new/new_file2/SimCLR_and_Detectron2_Prediction/experiment3_NEW110_MORPHOLOGY_NESTEDCV/detectron2_predicted_union_masks/image_43_mask.png,/content/drive/MyDrive/PHD/Isaac_new/new_file2/SimCLR_and_Detectron2_Prediction/experiment3_NEW110_MORPHOLOGY_NESTEDCV/detectron2_overlays/image_43_overlay.png,387,0.05,/content/drive/MyDrive/PHD/Isaac_new/new_file2/seg_paper1_outputs_sigma_push_with_coco_new_and_new2-/detectron2_output/model_best_ap50.pth
396,396,0.30416259765625,124585.0,124585.0,314.60858585858585,286.0,19.727271108651987,19.08262324195121,1.7029497195027912,0.8397653000588653,0.9721861001069504,68.23750180959483,0.000966796875,image_44.png,image_44,/content/drive/MyDrive/PHD/Isaac_new/new_file2/SimCLR_and_Detectron2_Prediction/images/image_44.png,/content/drive/MyDrive/PHD/Isaac_new/new_file2/SimCLR_and_Detectron2_Prediction/experiment3_NEW110_MORPHOLOGY_NESTEDCV/detectron2_predicted_union_masks/image_44_mask.png,/content/drive/MyDrive/PHD/Isaac_new/new_file2/SimCLR_and_Detectron2_Prediction/experiment3_NEW110_MORPHOLOGY_NESTEDCV/detectron2_overlays/image_44_overlay.png,396,0.05,/content/drive/MyDrive/PHD/Isaac_new/new_file2/seg_paper1_outputs_sigma_push_with_coco_new_and_new2-/detectron2_output/model_best_ap50.pth
251,251,0.4163427734375,170534.0,170534.0,679.4183266932271,598.0,28.281815819251765,27.59342761875783,1.5580470446234218,0.8405414307234357,0.9675282007233257,97.80279283854225,0.00061279296875,image_47.png,image_47,/content/drive/MyDrive/PHD/Isaac_new/new_file2/SimCLR_and_Detectron2_Prediction/images/image_47.png,/content/drive/MyDrive/PHD/Isaac_new/new_file2/SimCLR_and_Detectron2_Prediction/experiment3_NEW110_MORPHOLOGY_NESTEDCV/detectron2_predicted_union_masks/image_47_mask.png,/content/drive/MyDrive/PHD/Isaac_new/new_file2/SimCLR_and_Detectron2_Prediction/experiment3_NEW110_MORPHOLOGY_NESTEDCV/detectron2_overlays/image_47_overlay.png,251,0.05,/content/drive/MyDrive/PHD/Isaac_new/new_file2/seg_paper1_outputs_sigma_push_with_coco_new_and_new2-/detectron2_output/model_best_ap50.pth
244,245,0.43654541015625,178809.0,178745.0,732.561475409836,633.0,29.347067572752756,28.38944578214513,1.846077425293122,0.7742043585505137,0.9549640050946231,107.25891789843475,0.000595703125,image_49.png,image_49,/content/drive/MyDrive/PHD/Isaac_new/new_file2/SimCLR_and_Detectron2_Prediction/images/image_49.png,/content/drive/MyDrive/PHD/Isaac_new/new_file2/SimCLR_and_Detectron2_Prediction/experiment3_NEW110_MORPHOLOGY_NESTEDCV/detectron2_predicted_union_masks/image_49_mask.png,/content/drive/MyDrive/PHD/Isaac_new/new_file2/SimCLR_and_Detectron2_Prediction/experiment3_NEW110_MORPHOLOGY_NESTEDCV/detectron2_overlays/image_49_overlay.png,244,0.05,/content/drive/MyDrive/PHD/Isaac_new/new_file2/seg_paper1_outputs_sigma_push_with_coco_new_and_new2-/detectron2_output/model_best_ap50.pth
101,98,0.52232177734375,213943.0,215063.0,2129.3366336633662,1552.0,49.17706411270804,44.45298385293132,2.4770620680548445,0.6477897828975362,0.9373780694455203,199.58161667548242,0.00024658203125,image_50.png,image_50,/content/drive/MyDrive/PHD/Isaac_new/new_file2/SimCLR_and_Detectron2_Prediction/images/image_50.png,/content/drive/MyDrive/PHD/Isaac_new/new_file2/SimCLR_and_Detectron2_Prediction/experiment3_NEW110_MORPHOLOGY_NESTEDCV/detectron2_predicted_union_masks/image_50_mask.png,/content/drive/MyDrive/PHD/Isaac_new/new_file2/SimCLR_and_Detectron2_Prediction/experiment3_NEW110_MORPHOLOGY_NESTEDCV/detectron2_overlays/image_50_overlay.png,101,0.05,/content/drive/MyDrive/PHD/Isaac_new/new_file2/seg_paper1_outputs_sigma_push_with_coco_new_and_new2-/detectron2_output/model_best_ap50.pth
310,310,0.24482666015625,100281.0,100225.0,323.30645161290323,268.5,19.656113588311165,18.489578723789627,1.8758166576677446,0.7859179964693952,0.9349415014037445,71.85924856627689,0.0007568359375,Image_51.png,image_51,/content/drive/MyDrive/PHD/Isaac_new/new_file2/SimCLR_and_Detectron2_Prediction/images/Image_51.png,/content/drive/MyDrive/PHD/Isaac_new/new_file2/SimCLR_and_Detectron2_Prediction/experiment3_NEW110_MORPHOLOGY_NESTEDCV/detectron2_predicted_union_masks/image_51_mask.png,/content/drive/MyDrive/PHD/Isaac_new/new_file2/SimCLR_and_Detectron2_Prediction/experiment3_NEW110_MORPHOLOGY_NESTEDCV/detectron2_overlays/image_51_overlay.png,310,0.05,/content/drive/MyDrive/PHD/Isaac_new/new_file2/seg_paper1_outputs_sigma_push_with_coco_new_and_new2-/detectron2_output/model_best_ap50.pth
46,45,0.43841552734375,179575.0,185195.0,4025.978260869565,2908.0,66.27370535568598,60.8487440301803,2.099126610019451,0.74716252005712,0.9692148943174913,247.55660712443648,0.0001123046875,image_52.png,image_52,/content/drive/MyDrive/PHD/Isaac_new/new_file2/SimCLR_and_Detectron2_Prediction/images/image_52.png,/content/drive/MyDrive/PHD/Isaac_new/new_file2/SimCLR_and_Detectron2_Prediction/experiment3_NEW110_MORPHOLOGY_NESTEDCV/detectron2_predicted_union_masks/image_52_mask.png,/content/drive/MyDrive/PHD/Isaac_new/new_file2/SimCLR_and_Detectron2_Prediction/experiment3_NEW110_MORPHOLOGY_NESTEDCV/detectron2_overlays/image_52_overlay.png,46,0.05,/content/drive/MyDrive/PHD/Isaac_new/new_file2/seg_paper1_outputs_sigma_push_with_coco_new_and_new2-/detectron2_output/model_best_ap50.pth
117,117,0.462939453125,189620.0,189620.0,1620.6837606837607,1432.0,44.38914543447024,42.69987152276635,1.6729233742147682,0.7905440451502884,0.9728542091284587,157.1620156527202,0.00028564453125,image_53.png,image_53,/content/drive/MyDrive/PHD/Isaac_new/new_file2/SimCLR_and_Detectron2_Prediction/images/image_53.png,/content/drive/MyDrive/PHD/Isaac_new/new_file2/SimCLR_and_Detectron2_Prediction/experiment3_NEW110_MORPHOLOGY_NESTEDCV/detectron2_predicted_union_masks/image_53_mask.png,/content/drive/MyDrive/PHD/Isaac_new/new_file2/SimCLR_and_Detectron2_Prediction/experiment3_NEW110_MORPHOLOGY_NESTEDCV/detectron2_overlays/image_53_overlay.png,117,0.05,/content/drive/MyDrive/PHD/Isaac_new/new_file2/seg_paper1_outputs_sigma_push_with_coco_new_and_new2-/detectron2_output/model_best_ap50.pth
109,109,0.47783203125,195720.0,195720.0,1795.5963302752293,1665.0,46.43720873603318,46.04284789176323,1.908649051073059,0.7684968912910514,0.9853707800716682,166.90231871012844,0.00026611328125,image_54.png,image_54,/content/drive/MyDrive/PHD/Isaac_new/new_file2/SimCLR_and_Detectron2_Prediction/images/image_54.png,/content/drive/MyDrive/PHD/Isaac_new/new_file2/SimCLR_and_Detectron2_Prediction/experiment3_NEW110_MORPHOLOGY_NESTEDCV/detectron2_predicted_union_masks/image_54_mask.png,/content/drive/MyDrive/PHD/Isaac_new/new_file2/SimCLR_and_Detectron2_Prediction/experiment3_NEW110_MORPHOLOGY_NESTEDCV/detectron2_overlays/image_54_overlay.png,109,0.05,/content/drive/MyDrive/PHD/Isaac_new/new_file2/seg_paper1_outputs_sigma_push_with_coco_new_and_new2-/detectron2_output/model_best_ap50.pth
73,73,0.51316162109375,210191.0,210191.0,2879.328767123288,2294.0,55.978400528835486,54.044532707966525,1.7946704592235174,0.7766942359945739,0.9742131250653229,201.50481915772366,0.00017822265625,image_55.png,image_55,/content/drive/MyDrive/PHD/Isaac_new/new_file2/SimCLR_and_Detectron2_Prediction/images/image_55.png,/content/drive/MyDrive/PHD/Isaac_new/new_file2/SimCLR_and_Detectron2_Prediction/experiment3_NEW110_MORPHOLOGY_NESTEDCV/detectron2_predicted_union_masks/image_55_mask.png,/content/drive/MyDrive/PHD/Isaac_new/new_file2/SimCLR_and_Detectron2_Prediction/experiment3_NEW110_MORPHOLOGY_NESTEDCV/detectron2_overlays/image_55_overlay.png,73,0.05,/content/drive/MyDrive/PHD/Isaac_new/new_file2/seg_paper1_outputs_sigma_push_with_coco_new_and_new2-/detectron2_output/model_best_ap50.pth
155,155,0.37545166015625,153785.0,155046.0,1000.2967741935483,737.0,32.81504283808425,30.632948674096244,1.9223517189586217,0.7054210402752946,0.9151648643167244,129.3638371593149,0.00037841796875,image_56.png,image_56,/content/drive/MyDrive/PHD/Isaac_new/new_file2/SimCLR_and_Detectron2_Prediction/images/image_56.png,/content/drive/MyDrive/PHD/Isaac_new/new_file2/SimCLR_and_Detectron2_Prediction/experiment3_NEW110_MORPHOLOGY_NESTEDCV/detectron2_predicted_union_masks/image_56_mask.png,/content/drive/MyDrive/PHD/Isaac_new/new_file2/SimCLR_and_Detectron2_Prediction/experiment3_NEW110_MORPHOLOGY_NESTEDCV/detectron2_overlays/image_56_overlay.png,155,0.05,/content/drive/MyDrive/PHD/Isaac_new/new_file2/seg_paper1_outputs_sigma_push_with_coco_new_and_new2-/detectron2_output/model_best_ap50.pth
29,29,0.75010009765625,307241.0,307241.0,10594.51724137931,9086.0,114.01159122494037,107.5576798906693,1.8575380146263967,0.7515267247179405,0.9900303698563215,413.412718263618,7.080078125e-05,image_57.png,image_57,/content/drive/MyDrive/PHD/Isaac_new/new_file2/SimCLR_and_Detectron2_Prediction/images/image_57.png,/content/drive/MyDrive/PHD/Isaac_new/new_file2/SimCLR_and_Detectron2_Prediction/experiment3_NEW110_MORPHOLOGY_NESTEDCV/detectron2_predicted_union_masks/image_57_mask.png,/content/drive/MyDrive/PHD/Isaac_new/new_file2/SimCLR_and_Detectron2_Prediction/experiment3_NEW110_MORPHOLOGY_NESTEDCV/detectron2_overlays/image_57_overlay.png,29,0.05,/content/drive/MyDrive/PHD/Isaac_new/new_file2/seg_paper1_outputs_sigma_push_with_coco_new_and_new2-/detectron2_output/model_best_ap50.pth
155,155,0.37545166015625,153785.0,155046.0,1000.2967741935483,737.0,32.81504283808425,30.632948674096244,1.9223517189586217,0.7054210402752946,0.9151648643167244,129.3638371593149,0.00037841796875,image_58.png,image_58,/content/drive/MyDrive/PHD/Isaac_new/new_file2/SimCLR_and_Detectron2_Prediction/images/image_58.png,/content/drive/MyDrive/PHD/Isaac_new/new_file2/SimCLR_and_Detectron2_Prediction/experiment3_NEW110_MORPHOLOGY_NESTEDCV/detectron2_predicted_union_masks/image_58_mask.png,/content/drive/MyDrive/PHD/Isaac_new/new_file2/SimCLR_and_Detectron2_Prediction/experiment3_NEW110_MORPHOLOGY_NESTEDCV/detectron2_overlays/image_58_overlay.png,155,0.05,/content/drive/MyDrive/PHD/Isaac_new/new_file2/seg_paper1_outputs_sigma_push_with_coco_new_and_new2-/detectron2_output/model_best_ap50.pth
268,268,0.4040087890625,165482.0,165482.0,617.4701492537314,591.0,27.51636352974519,27.431442403612092,1.420391172490141,0.8525609347481664,0.9780843530500836,93.96127693166905,0.000654296875,image_59.png,image_59,/content/drive/MyDrive/PHD/Isaac_new/new_file2/SimCLR_and_Detectron2_Prediction/images/image_59.png,/content/drive/MyDrive/PHD/Isaac_new/new_file2/SimCLR_and_Detectron2_Prediction/experiment3_NEW110_MORPHOLOGY_NESTEDCV/detectron2_predicted_union_masks/image_59_mask.png,/content/drive/MyDrive/PHD/Isaac_new/new_file2/SimCLR_and_Detectron2_Prediction/experiment3_NEW110_MORPHOLOGY_NESTEDCV/detectron2_overlays/image_59_overlay.png,268,0.05,/content/drive/MyDrive/PHD/Isaac_new/new_file2/seg_paper1_outputs_sigma_push_with_coco_new_and_new2-/detectron2_output/model_best_ap50.pth
100,100,0.5439013671875,222782.0,222782.0,2227.82,1975.0,50.90511931558107,50.14607261973393,1.7092368743809812,0.7885692780914397,0.9769266442944435,180.81572398431499,0.000244140625,image_60.png,image_60,/content/drive/MyDrive/PHD/Isaac_new/new_file2/SimCLR_and_Detectron2_Prediction/images/image_60.png,/content/drive/MyDrive/PHD/Isaac_new/new_file2/SimCLR_and_Detectron2_Prediction/experiment3_NEW110_MORPHOLOGY_NESTEDCV/detectron2_predicted_union_masks/image_60_mask.png,/content/drive/MyDrive/PHD/Isaac_new/new_file2/SimCLR_and_Detectron2_Prediction/experiment3_NEW110_MORPHOLOGY_NESTEDCV/detectron2_overlays/image_60_overlay.png,100,0.05,/content/drive/MyDrive/PHD/Isaac_new/new_file2/seg_paper1_outputs_sigma_push_with_coco_new_and_new2-/detectron2_output/model_best_ap50.pth
174,176,0.44451904296875,182075.0,181994.0,1045.942528735632,1002.5,35.47143421674478,35.72704758562321,1.5147424439537416,0.8263805365578554,0.9764756066130919,123.4040248304187,0.0004248046875,image_61.png,image_61,/content/drive/MyDrive/PHD/Isaac_new/new_file2/SimCLR_and_Detectron2_Prediction/images/image_61.png,/content/drive/MyDrive/PHD/Isaac_new/new_file2/SimCLR_and_Detectron2_Prediction/experiment3_NEW110_MORPHOLOGY_NESTEDCV/detectron2_predicted_union_masks/image_61_mask.png,/content/drive/MyDrive/PHD/Isaac_new/new_file2/SimCLR_and_Detectron2_Prediction/experiment3_NEW110_MORPHOLOGY_NESTEDCV/detectron2_overlays/image_61_overlay.png,174,0.05,/content/drive/MyDrive/PHD/Isaac_new/new_file2/seg_paper1_outputs_sigma_push_with_coco_new_and_new2-/detectron2_output/model_best_ap50.pth
186,186,0.46661376953125,191125.0,191125.0,1027.5537634408602,910.5,35.03866222609697,34.04823667216145,1.735594796511294,0.7850209485438332,0.9683736657138307,125.60390752232018,0.0004541015625,image_62.png,image_62,/content/drive/MyDrive/PHD/Isaac_new/new_file2/SimCLR_and_Detectron2_Prediction/images/image_62.png,/content/drive/MyDrive/PHD/Isaac_new/new_file2/SimCLR_and_Detectron2_Prediction/experiment3_NEW110_MORPHOLOGY_NESTEDCV/detectron2_predicted_union_masks/image_62_mask.png,/content/drive/MyDrive/PHD/Isaac_new/new_file2/SimCLR_and_Detectron2_Prediction/experiment3_NEW110_MORPHOLOGY_NESTEDCV/detectron2_overlays/image_62_overlay.png,186,0.05,/content/drive/MyDrive/PHD/Isaac_new/new_file2/seg_paper1_outputs_sigma_push_with_coco_new_and_new2-/detectron2_output/model_best_ap50.pth
116,115,0.58032958984375,237703.0,237884.0,2050.7241379310344,1816.0,49.32625507413746,48.08259955986583,1.9472446956229108,0.7523373581611592,0.9786881054258503,179.36803500008534,0.000283203125,image_63.png,image_63,/content/drive/MyDrive/PHD/Isaac_new/new_file2/SimCLR_and_Detectron2_Prediction/images/image_63.png,/content/drive/MyDrive/PHD/Isaac_new/new_file2/SimCLR_and_Detectron2_Prediction/experiment3_NEW110_MORPHOLOGY_NESTEDCV/detectron2_predicted_union_masks/image_63_mask.png,/content/drive/MyDrive/PHD/Isaac_new/new_file2/SimCLR_and_Detectron2_Prediction/experiment3_NEW110_MORPHOLOGY_NESTEDCV/detectron2_overlays/image_63_overlay.png,116,0.05,/content/drive/MyDrive/PHD/Isaac_new/new_file2/seg_paper1_outputs_sigma_push_with_coco_new_and_new2-/detectron2_output/model_best_ap50.pth
144,145,0.53430419921875,218851.0,218828.0,1519.638888888889,1367.5,42.46251316440694,41.72689863724865,1.5386171039856702,0.8302308504943485,0.9826288356182921,146.75997471848734,0.0003515625,image_64.png,image_64,/content/drive/MyDrive/PHD/Isaac_new/new_file2/SimCLR_and_Detectron2_Prediction/images/image_64.png,/content/drive/MyDrive/PHD/Isaac_new/new_file2/SimCLR_and_Detectron2_Prediction/experiment3_NEW110_MORPHOLOGY_NESTEDCV/detectron2_predicted_union_masks/image_64_mask.png,/content/drive/MyDrive/PHD/Isaac_new/new_file2/SimCLR_and_Detectron2_Prediction/experiment3_NEW110_MORPHOLOGY_NESTEDCV/detectron2_overlays/image_64_overlay.png,144,0.05,/content/drive/MyDrive/PHD/Isaac_new/new_file2/seg_paper1_outputs_sigma_push_with_coco_new_and_new2-/detectron2_output/model_best_ap50.pth
375,376,0.33838134765625,138601.0,138485.0,369.29333333333335,327.0,21.080894256292513,20.404639941160397,1.514878436741884,0.8384720902614846,0.9612176004066341,73.2084172047082,0.00091552734375,image_65.png,image_65,/content/drive/MyDrive/PHD/Isaac_new/new_file2/SimCLR_and_Detectron2_Prediction/images/image_65.png,/content/drive/MyDrive/PHD/Isaac_new/new_file2/SimCLR_and_Detectron2_Prediction/experiment3_NEW110_MORPHOLOGY_NESTEDCV/detectron2_predicted_union_masks/image_65_mask.png,/content/drive/MyDrive/PHD/Isaac_new/new_file2/SimCLR_and_Detectron2_Prediction/experiment3_NEW110_MORPHOLOGY_NESTEDCV/detectron2_overlays/image_65_overlay.png,375,0.05,/content/drive/MyDrive/PHD/Isaac_new/new_file2/seg_paper1_outputs_sigma_push_with_coco_new_and_new2-/detectron2_output/model_best_ap50.pth
272,272,0.40904541015625,167545.0,167545.0,615.9742647058823,590.5,27.454283842181212,27.419843478824326,1.4597474258784942,0.8485771650409832,0.9773595448029891,93.98867162589555,0.0006640625,image_66.png,image_66,/content/drive/MyDrive/PHD/Isaac_new/new_file2/SimCLR_and_Detectron2_Prediction/images/image_66.png,/content/drive/MyDrive/PHD/Isaac_new/new_file2/SimCLR_and_Detectron2_Prediction/experiment3_NEW110_MORPHOLOGY_NESTEDCV/detectron2_predicted_union_masks/image_66_mask.png,/content/drive/MyDrive/PHD/Isaac_new/new_file2/SimCLR_and_Detectron2_Prediction/experiment3_NEW110_MORPHOLOGY_NESTEDCV/detectron2_overlays/image_66_overlay.png,272,0.05,/content/drive/MyDrive/PHD/Isaac_new/new_file2/seg_paper1_outputs_sigma_push_with_coco_new_and_new2-/detectron2_output/model_best_ap50.pth
111,111,0.5815771484375,238214.0,238214.0,2146.072072072072,1751.0,49.20959451511623,47.21697197863571,1.673157143044417,0.7843417172696586,0.9730844549409741,176.85115306326597,0.00027099609375,image_67.png,image_67,/content/drive/MyDrive/PHD/Isaac_new/new_file2/SimCLR_and_Detectron2_Prediction/images/image_67.png,/content/drive/MyDrive/PHD/Isaac_new/new_file2/SimCLR_and_Detectron2_Prediction/experiment3_NEW110_MORPHOLOGY_NESTEDCV/detectron2_predicted_union_masks/image_67_mask.png,/content/drive/MyDrive/PHD/Isaac_new/new_file2/SimCLR_and_Detectron2_Prediction/experiment3_NEW110_MORPHOLOGY_NESTEDCV/detectron2_overlays/image_67_overlay.png,111,0.05,/content/drive/MyDrive/PHD/Isaac_new/new_file2/seg_paper1_outputs_sigma_push_with_coco_new_and_new2-/detectron2_output/model_best_ap50.pth
261,261,0.40871337890625,167409.0,167409.0,641.4137931034483,553.0,27.64838291981681,26.534910368014152,1.7292173356166374,0.8251796151340843,0.9747968952611809,96.61511984180194,0.00063720703125,image_68.png,image_68,/content/drive/MyDrive/PHD/Isaac_new/new_file2/SimCLR_and_Detectron2_Prediction/images/image_68.png,/content/drive/MyDrive/PHD/Isaac_new/new_file2/SimCLR_and_Detectron2_Prediction/experiment3_NEW110_MORPHOLOGY_NESTEDCV/detectron2_predicted_union_masks/image_68_mask.png,/content/drive/MyDrive/PHD/Isaac_new/new_file2/SimCLR_and_Detectron2_Prediction/experiment3_NEW110_MORPHOLOGY_NESTEDCV/detectron2_overlays/image_68_overlay.png,261,0.05,/content/drive/MyDrive/PHD/Isaac_new/new_file2/seg_paper1_outputs_sigma_push_with_coco_new_and_new2-/detectron2_output/model_best_ap50.pth
117,118,0.34375,140800.0,141372.0,1208.3076923076924,1059.0,37.639783416739625,36.72003101679705,1.5346166512174275,0.8507619883057836,0.9672908023140456,129.97626195224194,0.00028564453125,image_69.png,image_69,/content/drive/MyDrive/PHD/Isaac_new/new_file2/SimCLR_and_Detectron2_Prediction/images/image_69.png,/content/drive/MyDrive/PHD/Isaac_new/new_file2/SimCLR_and_Detectron2_Prediction/experiment3_NEW110_MORPHOLOGY_NESTEDCV/detectron2_predicted_union_masks/image_69_mask.png,/content/drive/MyDrive/PHD/Isaac_new/new_file2/SimCLR_and_Detectron2_Prediction/experiment3_NEW110_MORPHOLOGY_NESTEDCV/detectron2_overlays/image_69_overlay.png,117,0.05,/content/drive/MyDrive/PHD/Isaac_new/new_file2/seg_paper1_outputs_sigma_push_with_coco_new_and_new2-/detectron2_output/model_best_ap50.pth
70,70,0.499375,204544.0,204544.0,2922.057142857143,2276.5,57.88919843475666,53.829785712239854,1.6987472928227683,0.7692581436720568,0.9686793436174554,208.90444697589146,0.0001708984375,image_70.png,image_70,/content/drive/MyDrive/PHD/Isaac_new/new_file2/SimCLR_and_Detectron2_Prediction/images/image_70.png,/content/drive/MyDrive/PHD/Isaac_new/new_file2/SimCLR_and_Detectron2_Prediction/experiment3_NEW110_MORPHOLOGY_NESTEDCV/detectron2_predicted_union_masks/image_70_mask.png,/content/drive/MyDrive/PHD/Isaac_new/new_file2/SimCLR_and_Detectron2_Prediction/experiment3_NEW110_MORPHOLOGY_NESTEDCV/detectron2_overlays/image_70_overlay.png,70,0.05,/content/drive/MyDrive/PHD/Isaac_new/new_file2/seg_paper1_outputs_sigma_push_with_coco_new_and_new2-/detectron2_output/model_best_ap50.pth
93,93,0.5004736328125,204994.0,204994.0,2204.2365591397847,2180.0,51.091047241937694,52.68455378498194,1.7714743475307664,0.7393989099689537,0.9567453721867196,191.42830411893897,0.00022705078125,image_71.png,image_71,/content/drive/MyDrive/PHD/Isaac_new/new_file2/SimCLR_and_Detectron2_Prediction/images/image_71.png,/content/drive/MyDrive/PHD/Isaac_new/new_file2/SimCLR_and_Detectron2_Prediction/experiment3_NEW110_MORPHOLOGY_NESTEDCV/detectron2_predicted_union_masks/image_71_mask.png,/content/drive/MyDrive/PHD/Isaac_new/new_file2/SimCLR_and_Detectron2_Prediction/experiment3_NEW110_MORPHOLOGY_NESTEDCV/detectron2_overlays/image_71_overlay.png,93,0.05,/content/drive/MyDrive/PHD/Isaac_new/new_file2/seg_paper1_outputs_sigma_push_with_coco_new_and_new2-/detectron2_output/model_best_ap50.pth
267,267,0.43850341796875,179611.0,179610.0,672.6966292134831,577.0,28.151882878828225,27.104597715372734,1.753948870372644,0.82600879065046,0.9711069775128783,98.60753046656268,0.00065185546875,image_72.png,image_72,/content/drive/MyDrive/PHD/Isaac_new/new_file2/SimCLR_and_Detectron2_Prediction/images/image_72.png,/content/drive/MyDrive/PHD/Isaac_new/new_file2/SimCLR_and_Detectron2_Prediction/experiment3_NEW110_MORPHOLOGY_NESTEDCV/detectron2_predicted_union_masks/image_72_mask.png,/content/drive/MyDrive/PHD/Isaac_new/new_file2/SimCLR_and_Detectron2_Prediction/experiment3_NEW110_MORPHOLOGY_NESTEDCV/detectron2_overlays/image_72_overlay.png,267,0.05,/content/drive/MyDrive/PHD/Isaac_new/new_file2/seg_paper1_outputs_sigma_push_with_coco_new_and_new2-/detectron2_output/model_best_ap50.pth
165,164,0.45755615234375,187415.0,187444.0,1136.0242424242424,1007.0,36.815570353208265,35.80715321759479,1.4737587556264196,0.8294301099258808,0.982977905931742,128.0098115161029,0.00040283203125,image_73.png,image_73,/content/drive/MyDrive/PHD/Isaac_new/new_file2/SimCLR_and_Detectron2_Prediction/images/image_73.png,/content/drive/MyDrive/PHD/Isaac_new/new_file2/SimCLR_and_Detectron2_Prediction/experiment3_NEW110_MORPHOLOGY_NESTEDCV/detectron2_predicted_union_masks/image_73_mask.png,/content/drive/MyDrive/PHD/Isaac_new/new_file2/SimCLR_and_Detectron2_Prediction/experiment3_NEW110_MORPHOLOGY_NESTEDCV/detectron2_overlays/image_73_overlay.png,165,0.05,/content/drive/MyDrive/PHD/Isaac_new/new_file2/seg_paper1_outputs_sigma_push_with_coco_new_and_new2-/detectron2_output/model_best_ap50.pth
95,92,0.22863525390625,93649.0,94125.0,990.7894736842105,966.0,34.04229153123444,35.070634442709576,2.043887138102748,0.7760330694394894,0.9597827283139809,121.5686670672535,0.00023193359375,image_74.png,image_74,/content/drive/MyDrive/PHD/Isaac_new/new_file2/SimCLR_and_Detectron2_Prediction/images/image_74.png,/content/drive/MyDrive/PHD/Isaac_new/new_file2/SimCLR_and_Detectron2_Prediction/experiment3_NEW110_MORPHOLOGY_NESTEDCV/detectron2_predicted_union_masks/image_74_mask.png,/content/drive/MyDrive/PHD/Isaac_new/new_file2/SimCLR_and_Detectron2_Prediction/experiment3_NEW110_MORPHOLOGY_NESTEDCV/detectron2_overlays/image_74_overlay.png,95,0.05,/content/drive/MyDrive/PHD/Isaac_new/new_file2/seg_paper1_outputs_sigma_push_with_coco_new_and_new2-/detectron2_output/model_best_ap50.pth
115,115,0.468798828125,192020.0,192020.0,1669.7391304347825,1299.0,43.129052999126834,40.66863863729614,1.7068196723463043,0.7824983821305007,0.961988144271661,157.1332159647423,0.00028076171875,image_75.png,image_75,/content/drive/MyDrive/PHD/Isaac_new/new_file2/SimCLR_and_Detectron2_Prediction/images/image_75.png,/content/drive/MyDrive/PHD/Isaac_new/new_file2/SimCLR_and_Detectron2_Prediction/experiment3_NEW110_MORPHOLOGY_NESTEDCV/detectron2_predicted_union_masks/image_75_mask.png,/content/drive/MyDrive/PHD/Isaac_new/new_file2/SimCLR_and_Detectron2_Prediction/experiment3_NEW110_MORPHOLOGY_NESTEDCV/detectron2_overlays/image_75_overlay.png,115,0.05,/content/drive/MyDrive/PHD/Isaac_new/new_file2/seg_paper1_outputs_sigma_push_with_coco_new_and_new2-/detectron2_output/model_best_ap50.pth
249,248,0.32356201171875,132531.0,132533.0,532.2610441767068,436.0,25.102962333688087,23.56124872549269,2.6452273608726555,0.7250130683838865,0.9604129150619515,96.67079759635229,0.00060791015625,image_76.png,image_76,/content/drive/MyDrive/PHD/Isaac_new/new_file2/SimCLR_and_Detectron2_Prediction/images/image_76.png,/content/drive/MyDrive/PHD/Isaac_new/new_file2/SimCLR_and_Detectron2_Prediction/experiment3_NEW110_MORPHOLOGY_NESTEDCV/detectron2_predicted_union_masks/image_76_mask.png,/content/drive/MyDrive/PHD/Isaac_new/new_file2/SimCLR_and_Detectron2_Prediction/experiment3_NEW110_MORPHOLOGY_NESTEDCV/detectron2_overlays/image_76_overlay.png,249,0.05,/content/drive/MyDrive/PHD/Isaac_new/new_file2/seg_paper1_outputs_sigma_push_with_coco_new_and_new2-/detectron2_output/model_best_ap50.pth
73,69,0.57767822265625,236617.0,258093.0,3535.5205479452056,2362.0,60.58777625277749,54.83969187244267,2.788416606004211,0.6751642564643794,0.950216169570218,261.40383674059694,0.00017822265625,image_77.png,image_77,/content/drive/MyDrive/PHD/Isaac_new/new_file2/SimCLR_and_Detectron2_Prediction/images/image_77.png,/content/drive/MyDrive/PHD/Isaac_new/new_file2/SimCLR_and_Detectron2_Prediction/experiment3_NEW110_MORPHOLOGY_NESTEDCV/detectron2_predicted_union_masks/image_77_mask.png,/content/drive/MyDrive/PHD/Isaac_new/new_file2/SimCLR_and_Detectron2_Prediction/experiment3_NEW110_MORPHOLOGY_NESTEDCV/detectron2_overlays/image_77_overlay.png,73,0.05,/content/drive/MyDrive/PHD/Isaac_new/new_file2/seg_paper1_outputs_sigma_push_with_coco_new_and_new2-/detectron2_output/model_best_ap50.pth
344,344,0.40335205078125,165213.0,165213.0,480.2703488372093,413.5,23.790199485556833,22.945246987107783,1.7167567508929036,0.8207892550845123,0.9662568638975337,83.52721156808917,0.00083984375,image_78.png,image_78,/content/drive/MyDrive/PHD/Isaac_new/new_file2/SimCLR_and_Detectron2_Prediction/images/image_78.png,/content/drive/MyDrive/PHD/Isaac_new/new_file2/SimCLR_and_Detectron2_Prediction/experiment3_NEW110_MORPHOLOGY_NESTEDCV/detectron2_predicted_union_masks/image_78_mask.png,/content/drive/MyDrive/PHD/Isaac_new/new_file2/SimCLR_and_Detectron2_Prediction/experiment3_NEW110_MORPHOLOGY_NESTEDCV/detectron2_overlays/image_78_overlay.png,344,0.05,/content/drive/MyDrive/PHD/Isaac_new/new_file2/seg_paper1_outputs_sigma_push_with_coco_new_and_new2-/detectron2_output/model_best_ap50.pth
318,318,0.30511474609375,124975.0,124975.0,393.00314465408803,356.5,21.81244797190188,21.30515605385846,1.7020042099402817,0.8619557705409476,0.9702280471077555,74.06962785786611,0.0007763671875,image_79.png,image_79,/content/drive/MyDrive/PHD/Isaac_new/new_file2/SimCLR_and_Detectron2_Prediction/images/image_79.png,/content/drive/MyDrive/PHD/Isaac_new/new_file2/SimCLR_and_Detectron2_Prediction/experiment3_NEW110_MORPHOLOGY_NESTEDCV/detectron2_predicted_union_masks/image_79_mask.png,/content/drive/MyDrive/PHD/Isaac_new/new_file2/SimCLR_and_Detectron2_Prediction/experiment3_NEW110_MORPHOLOGY_NESTEDCV/detectron2_overlays/image_79_overlay.png,318,0.05,/content/drive/MyDrive/PHD/Isaac_new/new_file2/seg_paper1_outputs_sigma_push_with_coco_new_and_new2-/detectron2_output/model_best_ap50.pth
362,361,0.2121875,86912.0,86955.0,240.207182320442,228.0,17.304364653664784,17.03815178355966,1.5437821147727961,0.8910092281345355,0.9695913467943114,57.88321243707029,0.0008837890625,image_80.png,image_80,/content/drive/MyDrive/PHD/Isaac_new/new_file2/SimCLR_and_Detectron2_Prediction/images/image_80.png,/content/drive/MyDrive/PHD/Isaac_new/new_file2/SimCLR_and_Detectron2_Prediction/experiment3_NEW110_MORPHOLOGY_NESTEDCV/detectron2_predicted_union_masks/image_80_mask.png,/content/drive/MyDrive/PHD/Isaac_new/new_file2/SimCLR_and_Detectron2_Prediction/experiment3_NEW110_MORPHOLOGY_NESTEDCV/detectron2_overlays/image_80_overlay.png,362,0.05,/content/drive/MyDrive/PHD/Isaac_new/new_file2/seg_paper1_outputs_sigma_push_with_coco_new_and_new2-/detectron2_output/model_best_ap50.pth
312,311,0.21000244140625,86017.0,86179.0,276.2147435897436,238.0,18.250114220482928,17.407785949022028,1.924120773795007,0.8217888975638342,0.9671268637623999,64.96031421027307,0.00076171875,image_81.png,image_81,/content/drive/MyDrive/PHD/Isaac_new/new_file2/SimCLR_and_Detectron2_Prediction/images/image_81.png,/content/drive/MyDrive/PHD/Isaac_new/new_file2/SimCLR_and_Detectron2_Prediction/experiment3_NEW110_MORPHOLOGY_NESTEDCV/detectron2_predicted_union_masks/image_81_mask.png,/content/drive/MyDrive/PHD/Isaac_new/new_file2/SimCLR_and_Detectron2_Prediction/experiment3_NEW110_MORPHOLOGY_NESTEDCV/detectron2_overlays/image_81_overlay.png,312,0.05,/content/drive/MyDrive/PHD/Isaac_new/new_file2/seg_paper1_outputs_sigma_push_with_coco_new_and_new2-/detectron2_output/model_best_ap50.pth
259,258,0.3573583984375,146374.0,146374.0,565.1505791505791,488.0,26.0832536697682,24.926710529686012,1.5445245742870353,0.832037104193779,0.9724633793154861,90.8040210269877,0.00063232421875,image_82.png,image_82,/content/drive/MyDrive/PHD/Isaac_new/new_file2/SimCLR_and_Detectron2_Prediction/images/image_82.png,/content/drive/MyDrive/PHD/Isaac_new/new_file2/SimCLR_and_Detectron2_Prediction/experiment3_NEW110_MORPHOLOGY_NESTEDCV/detectron2_predicted_union_masks/image_82_mask.png,/content/drive/MyDrive/PHD/Isaac_new/new_file2/SimCLR_and_Detectron2_Prediction/experiment3_NEW110_MORPHOLOGY_NESTEDCV/detectron2_overlays/image_82_overlay.png,259,0.05,/content/drive/MyDrive/PHD/Isaac_new/new_file2/seg_paper1_outputs_sigma_push_with_coco_new_and_new2-/detectron2_output/model_best_ap50.pth
104,104,0.38522216796875,157787.0,159064.0,1529.4615384615386,1018.0,39.73889356847338,35.998539386039525,1.7405682691474962,0.7383045659433348,0.9348291031024533,154.34955074817543,0.00025390625,image_83.png,image_83,/content/drive/MyDrive/PHD/Isaac_new/new_file2/SimCLR_and_Detectron2_Prediction/images/image_83.png,/content/drive/MyDrive/PHD/Isaac_new/new_file2/SimCLR_and_Detectron2_Prediction/experiment3_NEW110_MORPHOLOGY_NESTEDCV/detectron2_predicted_union_masks/image_83_mask.png,/content/drive/MyDrive/PHD/Isaac_new/new_file2/SimCLR_and_Detectron2_Prediction/experiment3_NEW110_MORPHOLOGY_NESTEDCV/detectron2_overlays/image_83_overlay.png,104,0.05,/content/drive/MyDrive/PHD/Isaac_new/new_file2/seg_paper1_outputs_sigma_push_with_coco_new_and_new2-/detectron2_output/model_best_ap50.pth
183,182,0.4452001953125,182354.0,183024.0,1000.1311475409836,958.0,35.025033788275714,34.92511251028815,1.4846460443041385,0.8276943367082891,0.9785286207065312,121.41544916138626,0.00044677734375,image_84.png,image_84,/content/drive/MyDrive/PHD/Isaac_new/new_file2/SimCLR_and_Detectron2_Prediction/images/image_84.png,/content/drive/MyDrive/PHD/Isaac_new/new_file2/SimCLR_and_Detectron2_Prediction/experiment3_NEW110_MORPHOLOGY_NESTEDCV/detectron2_predicted_union_masks/image_84_mask.png,/content/drive/MyDrive/PHD/Isaac_new/new_file2/SimCLR_and_Detectron2_Prediction/experiment3_NEW110_MORPHOLOGY_NESTEDCV/detectron2_overlays/image_84_overlay.png,183,0.05,/content/drive/MyDrive/PHD/Isaac_new/new_file2/seg_paper1_outputs_sigma_push_with_coco_new_and_new2-/detectron2_output/model_best_ap50.pth
106,106,0.49518310546875,202827.0,202827.0,1913.4622641509434,1882.0,47.392582217252716,48.950812276961,1.6857426135349398,0.7938477526963246,0.987688400293144,165.90467782321466,0.0002587890625,image_85.png,image_85,/content/drive/MyDrive/PHD/Isaac_new/new_file2/SimCLR_and_Detectron2_Prediction/images/image_85.png,/content/drive/MyDrive/PHD/Isaac_new/new_file2/SimCLR_and_Detectron2_Prediction/experiment3_NEW110_MORPHOLOGY_NESTEDCV/detectron2_predicted_union_masks/image_85_mask.png,/content/drive/MyDrive/PHD/Isaac_new/new_file2/SimCLR_and_Detectron2_Prediction/experiment3_NEW110_MORPHOLOGY_NESTEDCV/detectron2_overlays/image_85_overlay.png,106,0.05,/content/drive/MyDrive/PHD/Isaac_new/new_file2/seg_paper1_outputs_sigma_push_with_coco_new_and_new2-/detectron2_output/model_best_ap50.pth
128,128,0.40740478515625,166873.0,166873.0,1303.6953125,1143.0,38.933271632470245,38.147244449865994,2.1302268999635876,0.7087786360048047,0.9432938394619681,150.0923295092203,0.0003125,image_86.png,image_86,/content/drive/MyDrive/PHD/Isaac_new/new_file2/SimCLR_and_Detectron2_Prediction/images/image_86.png,/content/drive/MyDrive/PHD/Isaac_new/new_file2/SimCLR_and_Detectron2_Prediction/experiment3_NEW110_MORPHOLOGY_NESTEDCV/detectron2_predicted_union_masks/image_86_mask.png,/content/drive/MyDrive/PHD/Isaac_new/new_file2/SimCLR_and_Detectron2_Prediction/experiment3_NEW110_MORPHOLOGY_NESTEDCV/detectron2_overlays/image_86_overlay.png,128,0.05,/content/drive/MyDrive/PHD/Isaac_new/new_file2/seg_paper1_outputs_sigma_push_with_coco_new_and_new2-/detectron2_output/model_best_ap50.pth
165,165,0.416513671875,170604.0,170604.0,1033.9636363636364,908.0,34.91216184930644,34.00149271163735,1.6652144380478127,0.7953104973372438,0.9642418733358037,124.19927387724138,0.00040283203125,image_87.png,image_87,/content/drive/MyDrive/PHD/Isaac_new/new_file2/SimCLR_and_Detectron2_Prediction/images/image_87.png,/content/drive/MyDrive/PHD/Isaac_new/new_file2/SimCLR_and_Detectron2_Prediction/experiment3_NEW110_MORPHOLOGY_NESTEDCV/detectron2_predicted_union_masks/image_87_mask.png,/content/drive/MyDrive/PHD/Isaac_new/new_file2/SimCLR_and_Detectron2_Prediction/experiment3_NEW110_MORPHOLOGY_NESTEDCV/detectron2_overlays/image_87_overlay.png,165,0.05,/content/drive/MyDrive/PHD/Isaac_new/new_file2/seg_paper1_outputs_sigma_push_with_coco_new_and_new2-/detectron2_output/model_best_ap50.pth
109,109,0.56339111328125,230765.0,230765.0,2117.1100917431195,1685.0,48.95113371098865,46.318556031883695,1.6338145775782031,0.7901798897448,0.9726116095038793,175.20676022500516,0.00026611328125,image_88.png,image_88,/content/drive/MyDrive/PHD/Isaac_new/new_file2/SimCLR_and_Detectron2_Prediction/images/image_88.png,/content/drive/MyDrive/PHD/Isaac_new/new_file2/SimCLR_and_Detectron2_Prediction/experiment3_NEW110_MORPHOLOGY_NESTEDCV/detectron2_predicted_union_masks/image_88_mask.png,/content/drive/MyDrive/PHD/Isaac_new/new_file2/SimCLR_and_Detectron2_Prediction/experiment3_NEW110_MORPHOLOGY_NESTEDCV/detectron2_overlays/image_88_overlay.png,109,0.05,/content/drive/MyDrive/PHD/Isaac_new/new_file2/seg_paper1_outputs_sigma_push_with_coco_new_and_new2-/detectron2_output/model_best_ap50.pth
190,191,0.35951171875,147256.0,147219.0,774.8368421052631,684.0,30.470669285135294,29.510936671567578,1.572312923674511,0.7751611123275816,0.9398473769714931,110.90685323779131,0.0004638671875,image_89.png,image_89,/content/drive/MyDrive/PHD/Isaac_new/new_file2/SimCLR_and_Detectron2_Prediction/images/image_89.png,/content/drive/MyDrive/PHD/Isaac_new/new_file2/SimCLR_and_Detectron2_Prediction/experiment3_NEW110_MORPHOLOGY_NESTEDCV/detectron2_predicted_union_masks/image_89_mask.png,/content/drive/MyDrive/PHD/Isaac_new/new_file2/SimCLR_and_Detectron2_Prediction/experiment3_NEW110_MORPHOLOGY_NESTEDCV/detectron2_overlays/image_89_overlay.png,190,0.05,/content/drive/MyDrive/PHD/Isaac_new/new_file2/seg_paper1_outputs_sigma_push_with_coco_new_and_new2-/detectron2_output/model_best_ap50.pth
147,146,0.35932861328125,147181.0,147611.0,1004.156462585034,939.0,34.81645991707885,34.57704343211429,1.52486261615377,0.819377754417467,0.9648082495678275,122.34807890512835,0.00035888671875,image_90.png,image_90,/content/drive/MyDrive/PHD/Isaac_new/new_file2/SimCLR_and_Detectron2_Prediction/images/image_90.png,/content/drive/MyDrive/PHD/Isaac_new/new_file2/SimCLR_and_Detectron2_Prediction/experiment3_NEW110_MORPHOLOGY_NESTEDCV/detectron2_predicted_union_masks/image_90_mask.png,/content/drive/MyDrive/PHD/Isaac_new/new_file2/SimCLR_and_Detectron2_Prediction/experiment3_NEW110_MORPHOLOGY_NESTEDCV/detectron2_overlays/image_90_overlay.png,147,0.05,/content/drive/MyDrive/PHD/Isaac_new/new_file2/seg_paper1_outputs_sigma_push_with_coco_new_and_new2-/detectron2_output/model_best_ap50.pth
150,150,0.37909423828125,155277.0,155277.0,1035.18,961.5,35.35137344811239,34.98885164590248,1.543331463075667,0.8150281291253524,0.9636882149421039,124.45742227939215,0.0003662109375,image_91.png,image_91,/content/drive/MyDrive/PHD/Isaac_new/new_file2/SimCLR_and_Detectron2_Prediction/images/image_91.png,/content/drive/MyDrive/PHD/Isaac_new/new_file2/SimCLR_and_Detectron2_Prediction/experiment3_NEW110_MORPHOLOGY_NESTEDCV/detectron2_predicted_union_masks/image_91_mask.png,/content/drive/MyDrive/PHD/Isaac_new/new_file2/SimCLR_and_Detectron2_Prediction/experiment3_NEW110_MORPHOLOGY_NESTEDCV/detectron2_overlays/image_91_overlay.png,150,0.05,/content/drive/MyDrive/PHD/Isaac_new/new_file2/seg_paper1_outputs_sigma_push_with_coco_new_and_new2-/detectron2_output/model_best_ap50.pth
134,133,0.31158447265625,127625.0,128949.0,962.3059701492538,799.0,33.74292845774745,31.895422835540206,1.5430915652247736,0.8299613213925168,0.9617275016526498,118.73807958052357,0.0003271484375,image_92.png,image_92,/content/drive/MyDrive/PHD/Isaac_new/new_file2/SimCLR_and_Detectron2_Prediction/images/image_92.png,/content/drive/MyDrive/PHD/Isaac_new/new_file2/SimCLR_and_Detectron2_Prediction/experiment3_NEW110_MORPHOLOGY_NESTEDCV/detectron2_predicted_union_masks/image_92_mask.png,/content/drive/MyDrive/PHD/Isaac_new/new_file2/SimCLR_and_Detectron2_Prediction/experiment3_NEW110_MORPHOLOGY_NESTEDCV/detectron2_overlays/image_92_overlay.png,134,0.05,/content/drive/MyDrive/PHD/Isaac_new/new_file2/seg_paper1_outputs_sigma_push_with_coco_new_and_new2-/detectron2_output/model_best_ap50.pth
260,258,0.5326025390625,218154.0,218032.0,838.5846153846154,736.5,31.5431982995613,30.622554051699744,1.6131424175444176,0.7827431784791228,0.952525242197278,114.45413708316708,0.000634765625,image_93.png,image_93,/content/drive/MyDrive/PHD/Isaac_new/new_file2/SimCLR_and_Detectron2_Prediction/images/image_93.png,/content/drive/MyDrive/PHD/Isaac_new/new_file2/SimCLR_and_Detectron2_Prediction/experiment3_NEW110_MORPHOLOGY_NESTEDCV/detectron2_predicted_union_masks/image_93_mask.png,/content/drive/MyDrive/PHD/Isaac_new/new_file2/SimCLR_and_Detectron2_Prediction/experiment3_NEW110_MORPHOLOGY_NESTEDCV/detectron2_overlays/image_93_overlay.png,260,0.05,/content/drive/MyDrive/PHD/Isaac_new/new_file2/seg_paper1_outputs_sigma_push_with_coco_new_and_new2-/detectron2_output/model_best_ap50.pth
97,81,0.5102978515625,209018.0,222975.0,2298.7113402061855,1520.0,50.119718595724784,43.992318738587166,3.110945412827052,0.5469522236136968,0.9231302557530082,222.6159156972162,0.00023681640625,image_94.png,image_94,/content/drive/MyDrive/PHD/Isaac_new/new_file2/SimCLR_and_Detectron2_Prediction/images/image_94.png,/content/drive/MyDrive/PHD/Isaac_new/new_file2/SimCLR_and_Detectron2_Prediction/experiment3_NEW110_MORPHOLOGY_NESTEDCV/detectron2_predicted_union_masks/image_94_mask.png,/content/drive/MyDrive/PHD/Isaac_new/new_file2/SimCLR_and_Detectron2_Prediction/experiment3_NEW110_MORPHOLOGY_NESTEDCV/detectron2_overlays/image_94_overlay.png,97,0.05,/content/drive/MyDrive/PHD/Isaac_new/new_file2/seg_paper1_outputs_sigma_push_with_coco_new_and_new2-/detectron2_output/model_best_ap50.pth
139,138,0.5547412109375,227222.0,228562.0,1644.3309352517986,1518.0,44.53905513770814,43.963366896860585,1.5066634623518411,0.7646100915297993,0.9468484682615147,162.43010364870352,0.00033935546875,image_95.png,image_95,/content/drive/MyDrive/PHD/Isaac_new/new_file2/SimCLR_and_Detectron2_Prediction/images/image_95.png,/content/drive/MyDrive/PHD/Isaac_new/new_file2/SimCLR_and_Detectron2_Prediction/experiment3_NEW110_MORPHOLOGY_NESTEDCV/detectron2_predicted_union_masks/image_95_mask.png,/content/drive/MyDrive/PHD/Isaac_new/new_file2/SimCLR_and_Detectron2_Prediction/experiment3_NEW110_MORPHOLOGY_NESTEDCV/detectron2_overlays/image_95_overlay.png,139,0.05,/content/drive/MyDrive/PHD/Isaac_new/new_file2/seg_paper1_outputs_sigma_push_with_coco_new_and_new2-/detectron2_output/model_best_ap50.pth
324,320,0.42470458984375,173959.0,175518.0,541.7222222222222,466.0,25.46707134736827,24.35835848013133,1.4843792586768894,0.8378474947800386,0.9667233662255325,88.91608131920444,0.000791015625,image_96.png,image_96,/content/drive/MyDrive/PHD/Isaac_new/new_file2/SimCLR_and_Detectron2_Prediction/images/image_96.png,/content/drive/MyDrive/PHD/Isaac_new/new_file2/SimCLR_and_Detectron2_Prediction/experiment3_NEW110_MORPHOLOGY_NESTEDCV/detectron2_predicted_union_masks/image_96_mask.png,/content/drive/MyDrive/PHD/Isaac_new/new_file2/SimCLR_and_Detectron2_Prediction/experiment3_NEW110_MORPHOLOGY_NESTEDCV/detectron2_overlays/image_96_overlay.png,324,0.05,/content/drive/MyDrive/PHD/Isaac_new/new_file2/seg_paper1_outputs_sigma_push_with_coco_new_and_new2-/detectron2_output/model_best_ap50.pth
332,332,0.257412109375,105436.0,105436.0,317.578313253012,296.5,19.82750942621131,19.429751841553102,1.6332332083955465,0.867277520291642,0.9716383998358503,67.19733673324777,0.000810546875,image_97.png,image_97,/content/drive/MyDrive/PHD/Isaac_new/new_file2/SimCLR_and_Detectron2_Prediction/images/image_97.png,/content/drive/MyDrive/PHD/Isaac_new/new_file2/SimCLR_and_Detectron2_Prediction/experiment3_NEW110_MORPHOLOGY_NESTEDCV/detectron2_predicted_union_masks/image_97_mask.png,/content/drive/MyDrive/PHD/Isaac_new/new_file2/SimCLR_and_Detectron2_Prediction/experiment3_NEW110_MORPHOLOGY_NESTEDCV/detectron2_overlays/image_97_overlay.png,332,0.05,/content/drive/MyDrive/PHD/Isaac_new/new_file2/seg_paper1_outputs_sigma_push_with_coco_new_and_new2-/detectron2_output/model_best_ap50.pth
281,282,0.2022216796875,82830.0,82798.0,294.65480427046265,254.0,18.870188059038263,17.983404693292407,2.149181363014338,0.7531360464022373,0.9318314336752461,70.02331189416785,0.00068603515625,image_98.png,image_98,/content/drive/MyDrive/PHD/Isaac_new/new_file2/SimCLR_and_Detectron2_Prediction/images/image_98.png,/content/drive/MyDrive/PHD/Isaac_new/new_file2/SimCLR_and_Detectron2_Prediction/experiment3_NEW110_MORPHOLOGY_NESTEDCV/detectron2_predicted_union_masks/image_98_mask.png,/content/drive/MyDrive/PHD/Isaac_new/new_file2/SimCLR_and_Detectron2_Prediction/experiment3_NEW110_MORPHOLOGY_NESTEDCV/detectron2_overlays/image_98_overlay.png,281,0.05,/content/drive/MyDrive/PHD/Isaac_new/new_file2/seg_paper1_outputs_sigma_push_with_coco_new_and_new2-/detectron2_output/model_best_ap50.pth
88,90,0.502177734375,205692.0,208472.0,2369.0,1467.5,48.76209897742612,43.22589127171304,1.9819936783540841,0.7308036438162304,0.9492892929253571,189.28221084739917,0.00021484375,image_99.png,image_99,/content/drive/MyDrive/PHD/Isaac_new/new_file2/SimCLR_and_Detectron2_Prediction/images/image_99.png,/content/drive/MyDrive/PHD/Isaac_new/new_file2/SimCLR_and_Detectron2_Prediction/experiment3_NEW110_MORPHOLOGY_NESTEDCV/detectron2_predicted_union_masks/image_99_mask.png,/content/drive/MyDrive/PHD/Isaac_new/new_file2/SimCLR_and_Detectron2_Prediction/experiment3_NEW110_MORPHOLOGY_NESTEDCV/detectron2_overlays/image_99_overlay.png,88,0.05,/content/drive/MyDrive/PHD/Isaac_new/new_file2/seg_paper1_outputs_sigma_push_with_coco_new_and_new2-/detectron2_output/model_best_ap50.pth
120,120,0.38943115234375,159511.0,159511.0,1329.2583333333334,1227.5,40.357011119869185,39.5335487444969,1.762787541481736,0.7982696516802269,0.9736901123733526,144.37359364200663,0.00029296875,image_100.png,image_100,/content/drive/MyDrive/PHD/Isaac_new/new_file2/SimCLR_and_Detectron2_Prediction/images/image_100.png,/content/drive/MyDrive/PHD/Isaac_new/new_file2/SimCLR_and_Detectron2_Prediction/experiment3_NEW110_MORPHOLOGY_NESTEDCV/detectron2_predicted_union_masks/image_100_mask.png,/content/drive/MyDrive/PHD/Isaac_new/new_file2/SimCLR_and_Detectron2_Prediction/experiment3_NEW110_MORPHOLOGY_NESTEDCV/detectron2_overlays/image_100_overlay.png,120,0.05,/content/drive/MyDrive/PHD/Isaac_new/new_file2/seg_paper1_outputs_sigma_push_with_coco_new_and_new2-/detectron2_output/model_best_ap50.pth
67,66,0.49628662109375,203279.0,205789.0,3071.4776119402986,2329.0,58.98549026701623,54.45525594181148,1.555436445104026,0.7730381253127327,0.9667924110159366,213.63546602352397,0.00016357421875,image_101.png,image_101,/content/drive/MyDrive/PHD/Isaac_new/new_file2/SimCLR_and_Detectron2_Prediction/images/image_101.png,/content/drive/MyDrive/PHD/Isaac_new/new_file2/SimCLR_and_Detectron2_Prediction/experiment3_NEW110_MORPHOLOGY_NESTEDCV/detectron2_predicted_union_masks/image_101_mask.png,/content/drive/MyDrive/PHD/Isaac_new/new_file2/SimCLR_and_Detectron2_Prediction/experiment3_NEW110_MORPHOLOGY_NESTEDCV/detectron2_overlays/image_101_overlay.png,67,0.05,/content/drive/MyDrive/PHD/Isaac_new/new_file2/seg_paper1_outputs_sigma_push_with_coco_new_and_new2-/detectron2_output/model_best_ap50.pth
91,77,0.39253662109375,160783.0,177132.0,1946.5054945054944,1128.0,44.45499798318634,37.89741688375691,2.457198261763213,0.6655047039528749,0.9034387180859527,186.48508466837305,0.00022216796875,image_102.png,image_102,/content/drive/MyDrive/PHD/Isaac_new/new_file2/SimCLR_and_Detectron2_Prediction/images/image_102.png,/content/drive/MyDrive/PHD/Isaac_new/new_file2/SimCLR_and_Detectron2_Prediction/experiment3_NEW110_MORPHOLOGY_NESTEDCV/detectron2_predicted_union_masks/image_102_mask.png,/content/drive/MyDrive/PHD/Isaac_new/new_file2/SimCLR_and_Detectron2_Prediction/experiment3_NEW110_MORPHOLOGY_NESTEDCV/detectron2_overlays/image_102_overlay.png,91,0.05,/content/drive/MyDrive/PHD/Isaac_new/new_file2/seg_paper1_outputs_sigma_push_with_coco_new_and_new2-/detectron2_output/model_best_ap50.pth
361,360,0.3591650390625,147114.0,147114.0,407.5180055401662,373.0,22.301045786667757,21.792621462004423,1.6503763954668604,0.8363891604009659,0.9819733176951102,77.16014087267733,0.00088134765625,image_103.png,image_103,/content/drive/MyDrive/PHD/Isaac_new/new_file2/SimCLR_and_Detectron2_Prediction/images/image_103.png,/content/drive/MyDrive/PHD/Isaac_new/new_file2/SimCLR_and_Detectron2_Prediction/experiment3_NEW110_MORPHOLOGY_NESTEDCV/detectron2_predicted_union_masks/image_103_mask.png,/content/drive/MyDrive/PHD/Isaac_new/new_file2/SimCLR_and_Detectron2_Prediction/experiment3_NEW110_MORPHOLOGY_NESTEDCV/detectron2_overlays/image_103_overlay.png,361,0.05,/content/drive/MyDrive/PHD/Isaac_new/new_file2/seg_paper1_outputs_sigma_push_with_coco_new_and_new2-/detectron2_output/model_best_ap50.pth
118,118,0.30333984375,124248.0,124248.0,1052.949152542373,1040.0,35.53912749342684,36.38913473173784,1.4951013639513333,0.840430538956226,0.9718195926375622,122.56574793776802,0.0002880859375,image_104.png,image_104,/content/drive/MyDrive/PHD/Isaac_new/new_file2/SimCLR_and_Detectron2_Prediction/images/image_104.png,/content/drive/MyDrive/PHD/Isaac_new/new_file2/SimCLR_and_Detectron2_Prediction/experiment3_NEW110_MORPHOLOGY_NESTEDCV/detectron2_predicted_union_masks/image_104_mask.png,/content/drive/MyDrive/PHD/Isaac_new/new_file2/SimCLR_and_Detectron2_Prediction/experiment3_NEW110_MORPHOLOGY_NESTEDCV/detectron2_overlays/image_104_overlay.png,118,0.05,/content/drive/MyDrive/PHD/Isaac_new/new_file2/seg_paper1_outputs_sigma_push_with_coco_new_and_new2-/detectron2_output/model_best_ap50.pth
142,141,0.4045361328125,165698.0,165808.0,1167.661971830986,1047.0,37.60873847386694,36.51132617401765,1.4845271550933867,0.8227545767863731,0.9755149990458672,130.67376020785505,0.0003466796875,image_105.png,image_105,/content/drive/MyDrive/PHD/Isaac_new/new_file2/SimCLR_and_Detectron2_Prediction/images/image_105.png,/content/drive/MyDrive/PHD/Isaac_new/new_file2/SimCLR_and_Detectron2_Prediction/experiment3_NEW110_MORPHOLOGY_NESTEDCV/detectron2_predicted_union_masks/image_105_mask.png,/content/drive/MyDrive/PHD/Isaac_new/new_file2/SimCLR_and_Detectron2_Prediction/experiment3_NEW110_MORPHOLOGY_NESTEDCV/detectron2_overlays/image_105_overlay.png,142,0.05,/content/drive/MyDrive/PHD/Isaac_new/new_file2/seg_paper1_outputs_sigma_push_with_coco_new_and_new2-/detectron2_output/model_best_ap50.pth
332,332,0.20471435546875,83851.0,83851.0,252.5632530120482,225.0,17.63579657856323,16.925687506432688,1.6637005595567234,0.8643143054547477,0.9562608239906372,60.6187952889458,0.000810546875,image_106.png,image_106,/content/drive/MyDrive/PHD/Isaac_new/new_file2/SimCLR_and_Detectron2_Prediction/images/image_106.png,/content/drive/MyDrive/PHD/Isaac_new/new_file2/SimCLR_and_Detectron2_Prediction/experiment3_NEW110_MORPHOLOGY_NESTEDCV/detectron2_predicted_union_masks/image_106_mask.png,/content/drive/MyDrive/PHD/Isaac_new/new_file2/SimCLR_and_Detectron2_Prediction/experiment3_NEW110_MORPHOLOGY_NESTEDCV/detectron2_overlays/image_106_overlay.png,332,0.05,/content/drive/MyDrive/PHD/Isaac_new/new_file2/seg_paper1_outputs_sigma_push_with_coco_new_and_new2-/detectron2_output/model_best_ap50.pth
183,183,0.4695263671875,192318.0,192318.0,1050.9180327868853,907.0,35.52436176415759,33.982764264767994,1.6612697413757949,0.8106136711901654,0.9804696250187734,125.07147526984876,0.00044677734375,image_107.png,image_107,/content/drive/MyDrive/PHD/Isaac_new/new_file2/SimCLR_and_Detectron2_Prediction/images/image_107.png,/content/drive/MyDrive/PHD/Isaac_new/new_file2/SimCLR_and_Detectron2_Prediction/experiment3_NEW110_MORPHOLOGY_NESTEDCV/detectron2_predicted_union_masks/image_107_mask.png,/content/drive/MyDrive/PHD/Isaac_new/new_file2/SimCLR_and_Detectron2_Prediction/experiment3_NEW110_MORPHOLOGY_NESTEDCV/detectron2_overlays/image_107_overlay.png,183,0.05,/content/drive/MyDrive/PHD/Isaac_new/new_file2/seg_paper1_outputs_sigma_push_with_coco_new_and_new2-/detectron2_output/model_best_ap50.pth
53,52,0.64227294921875,263075.0,263702.0,4975.509433962264,3530.0,73.70912992159082,67.04129766729702,2.350146480883543,0.6507613028941275,0.9460867827442934,300.3691924362422,0.00012939453125,image_108.png,image_108,/content/drive/MyDrive/PHD/Isaac_new/new_file2/SimCLR_and_Detectron2_Prediction/images/image_108.png,/content/drive/MyDrive/PHD/Isaac_new/new_file2/SimCLR_and_Detectron2_Prediction/experiment3_NEW110_MORPHOLOGY_NESTEDCV/detectron2_predicted_union_masks/image_108_mask.png,/content/drive/MyDrive/PHD/Isaac_new/new_file2/SimCLR_and_Detectron2_Prediction/experiment3_NEW110_MORPHOLOGY_NESTEDCV/detectron2_overlays/image_108_overlay.png,53,0.05,/content/drive/MyDrive/PHD/Isaac_new/new_file2/seg_paper1_outputs_sigma_push_with_coco_new_and_new2-/detectron2_output/model_best_ap50.pth
75,75,0.49658447265625,203401.0,203401.0,2712.0133333333333,2586.0,56.477856352120384,57.381159474910675,1.7879311443034742,0.7740674901786392,0.9788400177378456,201.9099230015186,0.00018310546875,image_109.png,image_109,/content/drive/MyDrive/PHD/Isaac_new/new_file2/SimCLR_and_Detectron2_Prediction/images/image_109.png,/content/drive/MyDrive/PHD/Isaac_new/new_file2/SimCLR_and_Detectron2_Prediction/experiment3_NEW110_MORPHOLOGY_NESTEDCV/detectron2_predicted_union_masks/image_109_mask.png,/content/drive/MyDrive/PHD/Isaac_new/new_file2/SimCLR_and_Detectron2_Prediction/experiment3_NEW110_MORPHOLOGY_NESTEDCV/detectron2_overlays/image_109_overlay.png,75,0.05,/content/drive/MyDrive/PHD/Isaac_new/new_file2/seg_paper1_outputs_sigma_push_with_coco_new_and_new2-/detectron2_output/model_best_ap50.pth
