file,alloy.composition.C,alloy.composition.Cr,alloy.composition.Ni,alloy.composition.Co,alloy.composition.W,alloy.composition.Mo,alloy.composition.Al,alloy.composition.Ti,alloy.composition.Ta,alloy.composition.Re,alloy.composition.Nb,alloy.composition.B,alloy.composition.Si,alloy.composition.Hf,alloy.composition.Ru,alloy.composition.Y,alloy.composition.Fe,alloy.composition.S,alloy.composition.Zr,image_properties.img_scale(nm),image_properties.processing.ht1_temp(°C),image_properties.processing.ht1_time(hour),image_properties.processing.ht1_cool(°C),image_properties.processing.ht2_temp(°C),image_properties.processing.ht2_time(hour),image_properties.processing.ht2_cool(°C),image_properties.processing.ht3_temp(°C),image_properties.processing.ht3_time(hour),image_properties.processing.ht3_cool(°C),image_properties.processing.ht4_temp(°C),image_properties.processing.ht4_time(hour),image_properties.processing.ht4_cool(°C),image_properties.processing.ht5_temp(°C),image_properties.processing.ht5_time(hour),image_properties.processing.ht5_cool(°C),image_properties.processing.ht6_temp(°C),image_properties.processing.ht6_time(hour),image_properties.processing.ht6_cool(°C),image_properties.processing.ht7_temp(°C),image_properties.processing.ht7_time(hour),image_properties.processing.ht7_cool(°C),image_properties.processing.ht8_temp(°C),image_properties.processing.ht8_time(hour),image_properties.processing.ht8_cool(°C),image_properties.processing.ht9_temp(°C),image_properties.processing.ht9_time(hour),image_properties.processing.ht9_cool(°C),features[0].fraction,features[0].size(nm),microstructure[0].count,microstructure[1].total area(nm²),microstructure[2].Average area(nm²),microstructure[3].percentage area,creep data[0].temp(°C),creep data[1].pres(Mpa),creep data[2].creep_life(hour),img_width_px,img_height_px
image_1,0.05,4.0,59.9,9.0,8.0,2.0,5.7,0.625,7.0,2.2,0.5,0.0135,0.15,0.1,3.005,0.001,7.800000000000001,0.001,0.015,2000,1290,1.0,25.0,1300,2,25.0,1315.0,4.0,25.0,1120.0,4.0,25.0,1080.0,4.0,25.0,870.0,20.0,25.0,1316.0,2.0,25.0,1229.0,2.0,25.0,885.0,4.0,25.0,0.81,1000,219,37280439.7,170230.318,0.5253,980,300.0,125.67,521.75,359.25
image_2,0.05,3.97,55.925,12.02,5.0,4.1,5.81,1.0,4.0,5.4,0.5,0.0135,0.15,0.1,3.005,0.001,7.800000000000001,0.001,0.015,1000,1325,8.5,25.0,1333,12,25.0,1150.0,4.0,25.0,870.0,14.0,25.0,1080.0,4.0,25.0,870.0,20.0,25.0,1316.0,2.0,25.0,1229.0,2.0,25.0,885.0,4.0,25.0,0.92,1000,221,26111758.01,118152.751,0.5568,1140,137.0,100.0,228.0,170.0
image_3,0.05,6.5,61.7,9.0,6.0,0.6,5.6,1.0,6.5,3.0,0.5,0.0135,0.15,0.1,3.005,0.001,7.800000000000001,0.001,0.015,2000,1000,8.5,25.0,1000,8,25.0,1000.0,9.0,25.0,1000.0,8.0,25.0,1080.0,4.0,25.0,870.0,20.0,25.0,1316.0,2.0,25.0,1229.0,2.0,25.0,885.0,4.0,25.0,0.79,2000,302,95677419.29,316812.647,0.4894,1050,150.0,170.0,501.0,359.25
image_4,0.05,6.4,60.8,9.65,6.4,0.6,5.6,1.0,6.5,2.95,0.5,0.0135,0.15,0.1,3.005,0.001,7.800000000000001,0.001,0.015,1000,1200,8.5,25.0,1250,12,25.0,1250.0,1.0,25.0,861.25,1.0,25.0,1080.0,4.0,25.0,870.0,20.0,25.0,1316.0,2.0,25.0,1229.0,2.0,25.0,885.0,4.0,25.0,0.83,1000,337,44092603.98,130838.587,0.5791,950,300.0,250.0,207.0,176.0
image_5,0.05,3.5,62.7,7.0,6.5,2.0,5.6,1.0,7.5,4.5,0.5,0.0135,0.15,0.1,3.005,0.001,7.800000000000001,0.001,0.015,1000,1339,6.0,25.0,1119,4,25.0,869.0,9.0,25.0,1110.0,6.0,25.0,1080.0,4.0,25.0,870.0,20.0,25.0,1316.0,2.0,25.0,1229.0,2.0,25.0,885.0,4.0,25.0,0.76,1000,617,29349099.57,47567.422318,5.5093,980,340.0,91.0,521.75,359.25
image_7,0.05,8.68,60.8,9.8,7.08,2.12,5.24,0.94,3.68,3.0,0.5,0.0135,0.15,0.1,3.005,0.001,7.800000000000001,0.001,0.015,2000,1180,2.0,25.0,1230,3,25.0,1100.0,4.0,25.0,870.0,14.0,25.0,1080.0,4.0,25.0,870.0,20.0,25.0,1316.0,2.0,25.0,1229.0,2.0,25.0,885.0,4.0,25.0,0.75,2000,128,23225712.11,181450.876,0.2063,780,654.75,320.0,188.0,205.0
image_8,0.05,6.95,63.3,7.46,5.12,1.47,6.16,1.0,6.35,2.98,0.5,0.0135,0.15,0.1,3.005,0.001,7.800000000000001,0.001,0.015,1000,1300,2.0,25.0,1110,4,25.0,899.0,9.0,25.0,1110.0,6.0,25.0,1080.0,4.0,25.0,870.0,20.0,25.0,1316.0,2.0,25.0,1229.0,2.0,25.0,885.0,4.0,25.0,0.69,1000,186,30962688.88,166466.069,0.3679,982,248.0,120.0,326.0,156.0
image_9,0.05,3.97,55.925,12.02,5.0,4.1,5.81,1.0,4.0,5.44,0.5,0.0135,0.15,0.1,3.005,0.001,7.800000000000001,0.001,0.015,2000,1325,8.5,25.0,1333,12,25.0,1150.0,4.0,25.0,870.0,14.0,25.0,1080.0,4.0,25.0,870.0,20.0,25.0,1316.0,2.0,25.0,1229.0,2.0,25.0,885.0,4.0,25.0,0.72,2000,228,24377297.2,106917.97,0.5204,1140,137.0,100.0,327.0,172.0
image_10,0.05,6.5,62.8,9.0,6.0,0.6,5.6,1.0,6.5,3.0,0.5,0.0135,0.15,0.1,3.005,0.001,7.800000000000001,0.001,0.015,2000,1321,3.0,25.0,1140,2,25.0,870.0,9.0,25.0,1110.0,6.0,25.0,1080.0,4.0,25.0,870.0,20.0,25.0,1316.0,2.0,25.0,1229.0,2.0,25.0,885.0,4.0,25.0,0.71,2000,576,47464880.0,82404.306,0.5643,980,250.0,320.0,336.0,216.0
image_11,0.05,7.5,68.1,7.0,2.0,2.5,5.9,1.0,3.4,2.5,0.5,0.0135,0.15,0.1,3.005,0.001,7.800000000000001,0.001,0.015,500,1320,2.0,25.0,1080,5,25.0,900.0,8.0,25.0,1283.25,4.0,25.0,1080.0,4.0,25.0,870.0,20.0,25.0,1316.0,2.0,25.0,1229.0,2.0,25.0,885.0,4.0,25.0,0.61,500,45,5947200.0,132160.0,0.4147,1150,120.0,20.0,141.0,113.0
image_12,0.05,6.4,59.7,9.7,6.4,0.6,5.7,1.0,6.5,2.9,0.5,0.0135,0.15,0.1,3.005,0.001,7.800000000000001,0.001,0.015,3500,1277,2.0,25.0,1288,2,25.0,1296.0,3.0,25.0,1283.25,3.0,25.0,1080.0,4.0,25.0,870.0,20.0,25.0,1316.0,2.0,25.0,1229.0,2.0,25.0,885.0,4.0,25.0,1.0,3500,617,99479575.193,161231.078109,0.4863,1050,160.0,200.0,292.0,218.0
image_13,0.05,9.0,68.125,4.0,5.0,1.35,5.5,1.625,6.470000000000001,3.0,0.5,0.0135,0.15,0.1,3.005,0.001,7.800000000000001,0.001,0.015,1000,1250,4.0,25.0,870,12,25.0,1150.0,4.0,25.0,1110.0,6.0,25.0,1080.0,4.0,25.0,870.0,20.0,25.0,1316.0,2.0,25.0,1229.0,2.0,25.0,885.0,4.0,25.0,0.87,1000,44,12266436.11,278782.639,0.3158,1040,160.0,130.0,244.0,184.0
image_14,0.05,12.2,63.8,9.0,3.8,1.9,4.267500000000001,1.625,5.0,3.0,0.5,0.0135,0.15,0.1,3.005,0.001,7.800000000000001,0.001,0.015,1000,1204,1.0,25.0,1265,1,25.0,1080.0,4.0,25.0,870.0,14.0,25.0,1080.0,4.0,25.0,870.0,20.0,25.0,1316.0,2.0,25.0,1229.0,2.0,25.0,885.0,4.0,25.0,0.8,1000,202,28049337.27,138858.105,0.2967,980,250.0,106.0,147.0,108.0
image_15,0.05,6.44,60.7,9.7,6.36,0.59,5.68,0.94,6.44,2.97,0.5,0.0135,0.15,0.1,3.005,0.001,7.800000000000001,0.001,0.015,1000,1280,1.0,25.0,1290,2,25.0,1300.0,6.0,25.0,1110.0,6.0,25.0,1080.0,4.0,25.0,870.0,20.0,25.0,1316.0,2.0,25.0,1229.0,2.0,25.0,885.0,4.0,25.0,0.76,1000,114,35104522.62,307934.409,0.4545,980,250.0,350.0,192.0,134.0
image_16,0.05,7.0,61.4,7.5,6.0,1.4,6.3,1.0,7.2,3.0,0.5,0.0135,0.15,0.1,3.005,0.001,7.800000000000001,0.001,0.015,1000,1290,2.0,25.0,1100,4,25.0,1050.0,4.0,25.0,900.0,4.0,25.0,1080.0,4.0,25.0,870.0,20.0,25.0,1316.0,2.0,25.0,1229.0,2.0,25.0,885.0,4.0,25.0,0.76,1000,94,17279809.3,183827.758,0.5584,1100,137.0,90.0,295.0,264.0
image_17,0.05,8.1,61.0,9.2,9.5,0.5,5.6,1.4,3.2,3.0,0.5,0.0135,0.15,0.1,3.005,0.001,7.800000000000001,0.001,0.015,1000,1232,2.0,25.0,1260,2,25.0,1080.0,4.0,25.0,871.0,14.0,25.0,1080.0,4.0,25.0,870.0,20.0,25.0,1316.0,2.0,25.0,1229.0,2.0,25.0,885.0,4.0,25.0,0.72,1000,119,34535000.0,290210.084,0.3649,760,620.0,519.25,224.0,169.0
image_19,0.05,3.6,61.7,9.5,8.0,1.0,6.0,0.625,6.0,3.5,0.5,0.0135,0.15,0.1,3.005,0.001,7.800000000000001,0.001,0.015,1000,1280,2.0,25.0,1300,4,25.0,1320.0,4.0,25.0,1283.25,8.0,25.0,1080.0,4.0,25.0,870.0,20.0,25.0,1316.0,2.0,25.0,1229.0,2.0,25.0,885.0,4.0,25.0,0.71,1000,156,21088744.55,135184.26,0.505,1100,140.0,150.0,521.75,359.25
image_21,0.05,6.75,58.7,11.51,8.64,2.15,4.267500000000001,1.0,8.13,3.0,0.5,0.0135,0.15,0.1,3.005,0.001,7.800000000000001,0.001,0.015,2000,1280,2.0,25.0,1315,4,25.0,1325.0,4.0,25.0,1080.0,4.0,25.0,1080.0,4.0,25.0,870.0,20.0,25.0,1316.0,2.0,25.0,1229.0,2.0,25.0,885.0,4.0,25.0,0.88,2000,66,57688481.03,874067.894394,0.4616,1325,654.75,244.0,179.0,171.0
image_23,0.05,13.5,62.7,9.0,3.5,1.3,4.267500000000001,1.625,2.5,3.0,0.5,0.0135,0.15,0.1,3.005,0.001,7.800000000000001,0.001,0.015,2000,1220,2.0,25.0,1120,2,25.0,850.0,9.0,25.0,1205.0,4.0,25.0,1080.0,4.0,25.0,870.0,20.0,25.0,1316.0,2.0,25.0,1229.0,2.0,25.0,885.0,4.0,25.0,0.75,2000,384,39321634.29,102400.089,0.3756,930,280.0,120.0,226.0,129.0
image_24,0.05,3.5,55.925,12.0,6.0,3.5,6.8075,1.0,6.0,5.4,0.5,0.0135,0.15,0.1,3.005,0.001,7.800000000000001,0.001,0.015,1000,1315,8.5,25.0,1325,12,25.0,1150.0,4.0,25.0,870.0,14.0,25.0,1080.0,4.0,25.0,870.0,20.0,25.0,1316.0,2.0,25.0,1229.0,2.0,25.0,885.0,4.0,25.0,0.73,1000,62,6048814.85,97561.53,0.3476,1140,137.0,110.0,280.0,138.0
image_28,0.05,9.7,61.7,8.0,6.0,1.5,4.267500000000001,1.625,4.7,3.0,0.5,0.0135,0.15,0.1,3.005,0.001,7.800000000000001,0.001,0.015,3500,1000,2.0,25.0,1079,4,25.0,1150.0,4.0,25.0,1110.0,6.0,25.0,1080.0,4.0,25.0,870.0,20.0,25.0,1316.0,2.0,25.0,1229.0,2.0,25.0,885.0,4.0,25.0,1.0,3500,199,57748381.24,290192.871,0.51194,982,206.0,300.0,244.0,184.0
image_29,0.05,6.4,60.7,9.7,6.4,0.6,5.64,1.05,6.5,2.9,0.5,0.0135,0.15,0.1,3.005,0.001,7.800000000000001,0.001,0.015,3500,1321,2.0,25.0,1140,6,25.0,871.0,9.0,25.0,1110.0,6.0,25.0,1080.0,4.0,25.0,870.0,20.0,25.0,1316.0,2.0,25.0,1229.0,2.0,25.0,885.0,4.0,25.0,0.8,3500,207,31328971.89,151347.69,0.5051,1050,120.0,10.0,148.0,119.0
image_30,0.05,14.0,60.0,9.5,3.8,1.2,4.267500000000001,1.625,3.6,3.0,0.5,0.0135,0.15,0.1,3.005,0.001,7.800000000000001,0.001,0.015,3500,1120,2.0,25.0,850,12,25.0,1210.0,2.0,25.0,1120.0,2.0,25.0,1080.0,4.0,25.0,870.0,20.0,25.0,1316.0,2.0,25.0,1229.0,2.0,25.0,885.0,4.0,25.0,0.8,3500,422,86966987.94,206082.91,5.4286,870,310.0,519.25,330.0,235.0
image_31,0.05,3.0,59.9,12.0,6.0,1.0,6.0,1.0,8.0,4.0,0.5,0.0135,0.15,0.1,3.005,0.001,7.800000000000001,0.001,0.015,2000,1320,8.5,25.0,1325,12,25.0,870.0,9.0,25.0,1180.0,4.0,25.0,1080.0,4.0,25.0,870.0,20.0,25.0,1316.0,2.0,25.0,1229.0,2.0,25.0,885.0,4.0,25.0,0.59,2000,163,29656177.72,181939.741,0.4903,1010,248.0,160.0,217.0,98.0
image_32,0.05,4.6,58.7,6.5,4.0,1.1,5.9,1.0,7.6,5.53,0.5,0.0135,0.15,0.1,3.005,0.001,7.800000000000001,0.001,0.015,1000,1180,2.0,25.0,1230,3,25.0,1100.0,4.0,25.0,870.0,14.0,25.0,1080.0,4.0,25.0,870.0,20.0,25.0,1316.0,2.0,25.0,1229.0,2.0,25.0,885.0,4.0,25.0,0.66,1000,86,9423309.911,109573.371,0.3746,980,180.0,250.0,374.0,359.25
image_33,0.05,3.8,65.5,8.5,7.0,1.5,5.2,1.0,6.0,2.5,0.5,0.0135,0.15,0.1,3.005,0.001,7.800000000000001,0.001,0.015,3500,1290,1.0,25.0,1300,2,25.0,1315.0,4.0,25.0,1120.0,4.0,25.0,1080.0,4.0,25.0,870.0,20.0,25.0,1316.0,2.0,25.0,1229.0,2.0,25.0,885.0,4.0,25.0,0.59,3500,475,2827330.636,5952.275,0.0106,1100,140.0,80.0,349.0,359.25
image_34,0.05,2.0,68.125,3.0,5.0,0.4,5.7,0.625,8.0,5.53,0.5,0.0135,0.15,0.1,3.005,0.001,7.800000000000001,0.001,0.015,1000,1150,1.0,25.0,1150,3,25.0,1150.0,5.0,25.0,1110.0,6.0,25.0,1080.0,4.0,25.0,870.0,20.0,25.0,1316.0,2.0,25.0,1229.0,2.0,25.0,885.0,4.0,25.0,0.93,1000,141,23163176.34,164277.846,0.4925,850,654.75,150.0,328.0,245.0
image_35,0.05,14.0,68.125,5.0,4.0,1.0,4.6,1.0,8.0,3.0,0.5,0.0135,0.15,0.1,3.005,0.001,7.800000000000001,0.001,0.015,2000,1260,2.0,25.0,1280,2,25.0,1300.0,2.0,25.0,1283.25,2.0,25.0,1080.0,4.0,25.0,870.0,20.0,25.0,1316.0,2.0,25.0,1229.0,2.0,25.0,885.0,4.0,25.0,0.73,2000,472,46199759.68,97880.847,0.3922,850,275.0,519.25,217.0,238.0
image_36,0.05,3.5,60.4,10.0,6.0,0.6,5.7,0.85,8.0,4.8,0.5,0.0135,0.15,0.1,3.005,0.001,7.800000000000001,0.001,0.015,1000,1000,8.5,25.0,1100,4,25.0,1340.0,9.0,25.0,1163.0,3.0,25.0,1080.0,4.0,25.0,870.0,20.0,25.0,1316.0,2.0,25.0,1229.0,2.0,25.0,885.0,4.0,25.0,0.72,1000,51,10733621.29,210463.163,0.5336,1160,120.0,68.0,280.0,154.0
image_37,0.05,3.5,62.5,7.0,6.5,2.0,5.6,1.0,7.5,4.8,0.5,0.0135,0.15,0.1,3.005,0.001,7.800000000000001,0.001,0.015,3500,1280,2.0,25.0,1300,2,25.0,1310.0,6.0,25.0,1283.25,14.0,25.0,1080.0,4.0,25.0,870.0,20.0,25.0,1316.0,2.0,25.0,1229.0,2.0,25.0,885.0,4.0,25.0,0.69,3500,465,59790693.51,128582.137,0.5005,980,300.0,120.0,401.0,218.0
image_38,0.05,4.3,59.9,9.0,9.0,2.0,5.6,1.0,7.5,2.0,0.5,0.0135,0.15,0.1,3.005,0.001,7.800000000000001,0.001,0.015,3500,1290,1.0,25.0,1300,2,25.0,1315.0,4.0,25.0,1120.0,4.0,25.0,1080.0,4.0,25.0,870.0,20.0,25.0,1316.0,2.0,25.0,1229.0,2.0,25.0,885.0,4.0,25.0,0.93,3500,481,99479575.193,209548.331,0.5275,1000,300.0,65.0,521.75,359.25
image_39,0.05,3.6,61.7,9.5,8.0,1.0,6.0,0.625,6.0,3.5,0.5,0.0135,0.15,0.1,3.005,0.001,7.800000000000001,0.001,0.015,1000,1280,2.0,25.0,1300,4,25.0,1320.0,4.0,25.0,1283.25,8.0,25.0,1080.0,4.0,25.0,870.0,20.0,25.0,1316.0,2.0,25.0,1229.0,2.0,25.0,885.0,4.0,25.0,0.76,1000,144,22559386.88,156662.409,0.4926,1100,140.0,145.0,434.0,312.0
image_40,0.05,8.0,67.8,5.5,5.0,2.2,6.0,1.625,3.5,3.0,0.5,0.0135,0.15,0.1,3.005,0.001,7.800000000000001,0.001,0.015,1000,1080,6.0,25.0,870,12,25.0,1150.0,4.0,25.0,1110.0,6.0,25.0,1080.0,4.0,25.0,870.0,20.0,25.0,1316.0,2.0,25.0,1229.0,2.0,25.0,885.0,4.0,25.0,1.0,1000,237,45492567.39,191951.761,0.495,850,500.0,250.0,152.0,150.0
image_41,0.05,7.5,62.8,10.0,2.1,0.4,6.8075,1.3,2.2,1.45,0.5,0.0135,0.15,0.1,3.005,0.001,7.800000000000001,0.001,0.015,2000,1000,8.5,25.0,1080,6,25.0,1150.0,4.0,25.0,1110.0,6.0,25.0,1080.0,4.0,25.0,870.0,20.0,25.0,1316.0,2.0,25.0,1229.0,2.0,25.0,885.0,4.0,25.0,0.82,2000,313,34410801.36,109938.662,0.533,1049,160.0,300.0,265.0,212.0
image_42,0.05,3.0,61.3,9.0,7.0,1.5,6.0,1.0,8.0,4.0,0.5,0.0135,0.15,0.1,3.005,0.001,7.800000000000001,0.001,0.015,2000,1320,5.0,25.0,1330,12,25.0,1310.0,3.0,25.0,1283.25,2.0,25.0,1080.0,4.0,25.0,870.0,20.0,25.0,1316.0,2.0,25.0,1229.0,2.0,25.0,885.0,4.0,25.0,0.71,2000,141,58228126.43,412965.435674,0.481,1100,150.0,140.0,284.0,141.0
image_43,0.05,9.79,62.3,7.35,5.91,1.48,4.267500000000001,1.625,4.73,3.0,0.5,0.0135,0.15,0.1,3.005,0.001,7.800000000000001,0.001,0.015,1000,1000,8.5,25.0,925,12,25.0,925.0,9.0,25.0,925.0,14.0,25.0,1080.0,4.0,25.0,870.0,20.0,25.0,1316.0,2.0,25.0,1229.0,2.0,25.0,885.0,4.0,25.0,0.93,1000,332,61293409.3,184618.703,0.4619,982,207.0,220.0,488.0,319.0
image_44,0.05,6.4,60.7,9.7,6.4,0.6,5.7,1.0,6.5,2.9,0.5,0.0135,0.15,0.1,3.005,0.001,7.800000000000001,0.001,0.015,3500,1140,6.0,25.0,1277,2,25.0,1288.0,2.0,25.0,1283.25,3.0,25.0,1080.0,4.0,25.0,870.0,20.0,25.0,1316.0,2.0,25.0,1229.0,2.0,25.0,885.0,4.0,25.0,0.83,3500,617,99479575.193,161231.078109,0.5782,1250,60.0,6.0,339.0,216.0
image_47,0.05,6.5,60.7,9.6,6.4,0.6,5.6,1.0,6.5,3.0,0.5,0.0135,0.15,0.1,3.005,0.001,7.800000000000001,0.001,0.015,2000,1277,2.0,25.0,1288,3,25.0,1296.0,3.0,25.0,1283.25,2.0,25.0,1080.0,4.0,25.0,870.0,20.0,25.0,1316.0,2.0,25.0,1229.0,2.0,25.0,885.0,4.0,25.0,0.89,200,319,7272442.849,22797.626,0.5542,1250,120.0,65.0,241.0,161.0
image_49,0.05,4.9,62.4,7.8,8.7,1.9,5.3,0.625,6.0,2.4,0.5,0.0135,0.15,0.1,3.005,0.001,7.800000000000001,0.001,0.015,2000,1300,1.0,25.0,1320,5,25.0,1150.0,4.0,25.0,870.0,14.0,25.0,1080.0,4.0,25.0,870.0,20.0,25.0,1316.0,2.0,25.0,1229.0,2.0,25.0,885.0,4.0,25.0,0.79,2000,132,49153696.51,372376.489,0.535,1100,137.0,400.0,521.75,359.25
image_50,0.05,2.2,67.6,3.3,5.6,0.4,5.7,0.625,8.4,5.53,0.5,0.0135,0.15,0.1,3.005,0.001,7.800000000000001,0.001,0.015,2000,1140,6.0,25.0,1277,2,25.0,1288.0,2.0,25.0,1283.25,3.0,25.0,1080.0,4.0,25.0,870.0,20.0,25.0,1316.0,2.0,25.0,1229.0,2.0,25.0,885.0,4.0,25.0,0.65,2000,591,12448225.77,21062.987766,0.2364,850,580.0,519.25,467.0,215.0
Image_51,0.05,3.5,62.5,7.0,6.5,2.0,5.6,1.0,7.5,4.8,0.5,0.0135,0.15,0.1,3.005,0.001,7.800000000000001,0.001,0.015,3500,1280,2.0,25.0,1300,2,25.0,1310.0,6.0,25.0,1283.25,14.0,25.0,1080.0,4.0,25.0,870.0,20.0,25.0,1316.0,2.0,25.0,1229.0,2.0,25.0,885.0,4.0,25.0,0.72,3500,308,42206629.2,137034.51,41.725,980,140.0,519.25,217.0,137.0
image_52,0.05,8.8,63.6,6.7,5.6,2.0,5.2,1.2,8.0,3.0,0.5,0.0135,0.15,0.1,3.005,0.001,7.800000000000001,0.001,0.015,1000,1300,3.0,25.0,1100,5,25.0,870.0,9.0,25.0,1110.0,6.0,25.0,1080.0,4.0,25.0,870.0,20.0,25.0,1316.0,2.0,25.0,1229.0,2.0,25.0,885.0,4.0,25.0,0.59,1000,33,5323974.641,161332.565,33.309,1050,140.0,71.0,183.0,159.0
image_53,0.05,2.0,68.125,3.0,5.0,0.4,5.7,0.625,8.0,5.53,0.5,0.0135,0.15,0.1,3.005,0.001,7.800000000000001,0.001,0.015,1000,1290,1.0,25.0,1300,2,25.0,1315.0,2.0,25.0,1283.25,4.0,25.0,1080.0,4.0,25.0,870.0,20.0,25.0,1316.0,2.0,25.0,1229.0,2.0,25.0,885.0,4.0,25.0,0.73,1000,504,9770903.566,19386.713425,48.214,650,654.75,60.0,350.0,290.0
image_54,0.05,7.9,66.2,4.6,8.0,0.5,5.6,1.0,6.0,3.0,0.5,0.0135,0.15,0.1,3.005,0.001,7.800000000000001,0.001,0.015,1000,1293,2.0,25.0,1298,3,25.0,1080.0,4.0,25.0,870.0,14.0,25.0,1080.0,4.0,25.0,870.0,20.0,25.0,1316.0,2.0,25.0,1229.0,2.0,25.0,885.0,4.0,25.0,0.7,1000,74,11847703.98,160104.108,52.673,850,552.0,273.0,180.0,106.0
image_55,0.05,6.2,60.8,9.3,6.3,0.6,5.8,1.0,6.9,3.0,0.5,0.0135,0.15,0.1,3.005,0.001,7.800000000000001,0.001,0.015,1000,1255,2.0,25.0,1265,4,25.0,1270.0,2.0,25.0,1120.0,4.0,25.0,1080.0,4.0,25.0,870.0,20.0,25.0,1316.0,2.0,25.0,1229.0,2.0,25.0,885.0,4.0,25.0,0.76,1000,58,12492047.53,215380.13,45.533,1288,10.0,3.0,449.0,346.0
image_56,0.05,6.46,60.72,9.6,6.4,0.61,5.67,1.03,6.5,2.9,0.5,0.0135,0.15,0.1,3.005,0.001,7.800000000000001,0.001,0.015,1000,1315,6.0,25.0,1140,4,25.0,870.0,9.0,25.0,1110.0,6.0,25.0,1080.0,4.0,25.0,870.0,20.0,25.0,1316.0,2.0,25.0,1229.0,2.0,25.0,885.0,4.0,25.0,0.59,1000,105,3505581.136,33386.487,42.287,1050,160.0,150.0,218.0,145.0
image_57,0.05,6.2,60.9,9.3,6.3,0.6,5.8,1.0,6.9,2.9,0.5,0.0135,0.15,0.1,3.005,0.001,7.800000000000001,0.001,0.015,500,1000,3.0,25.0,1320,4,25.0,1140.0,4.0,25.0,870.0,3.0,25.0,1080.0,4.0,25.0,870.0,20.0,25.0,1316.0,2.0,25.0,1229.0,2.0,25.0,885.0,4.0,25.0,0.75,500,13,4266555.609,328196.585,45.999,850,600.0,20.0,170.0,131.0
image_58,0.05,10.0,66.4,5.0,6.0,3.0,4.8,1.625,6.0,3.0,0.5,0.0135,0.15,0.1,3.005,0.001,7.800000000000001,0.001,0.015,2000,1326,2.0,25.0,1329,5,25.0,1336.0,9.0,25.0,1283.25,14.0,25.0,1080.0,4.0,25.0,870.0,20.0,25.0,1316.0,2.0,25.0,1229.0,2.0,25.0,885.0,4.0,25.0,0.73,2000,168,29189074.41,173744.491,41.872,900,654.75,120.0,199.0,206.0
image_59,0.05,6.3,63.23,8.03,6.5,2.04,5.74,1.0,5.14,3.02,0.5,0.0135,0.15,0.1,3.005,0.001,7.800000000000001,0.001,0.015,2000,1330,1.0,25.0,1335,3,25.0,1345.0,4.0,25.0,861.25,6.0,25.0,1080.0,4.0,25.0,870.0,20.0,25.0,1316.0,2.0,25.0,1229.0,2.0,25.0,885.0,4.0,25.0,0.5075,2000,269,28058171.74,104305.471,45.116,1100,137.0,220.0,143.0,157.0
image_60,0.05,3.5,60.4,10.0,6.0,0.6,5.7,0.85,8.0,4.8,0.5,0.0135,0.15,0.1,3.005,0.001,7.800000000000001,0.001,0.015,1000,1000,6.0,25.0,1230,12,25.0,1250.0,9.0,25.0,1110.0,6.0,25.0,1080.0,4.0,25.0,870.0,20.0,25.0,1316.0,2.0,25.0,1229.0,2.0,25.0,885.0,4.0,25.0,1.0,1000,98,6881010.268,70214.39,59.244,1250,60.0,31.0,182.0,137.0
image_61,0.05,6.0,58.7,10.0,9.0,0.6,5.7,0.8,9.0,3.0,0.5,0.0135,0.15,0.1,3.005,0.001,7.800000000000001,0.001,0.015,2000,1330,1.0,25.0,1335,3,25.0,1345.0,4.0,25.0,1100.0,6.0,25.0,1080.0,4.0,25.0,870.0,20.0,25.0,1316.0,2.0,25.0,1229.0,2.0,25.0,885.0,4.0,25.0,0.89,2000,269,39828973.34,148063.098,50.087,1100,137.0,70.0,245.0,297.0
image_62,0.05,5.83,59.8,9.51,9.02,0.58,5.76,0.78,8.48,3.0,0.5,0.0135,0.15,0.1,3.005,0.001,7.800000000000001,0.001,0.015,1000,1280,1.0,25.0,1290,1,25.0,1300.0,2.0,25.0,1283.25,10.0,25.0,1080.0,4.0,25.0,870.0,20.0,25.0,1316.0,2.0,25.0,1229.0,2.0,25.0,885.0,4.0,25.0,0.7,1000,187,31172952.25,166700.279,54.438,1100,130.0,94.0,269.0,178.0
image_63,0.05,7.5,68.125,7.0,2.9,3.0,5.0,1.0,2.0,3.0,0.5,0.0135,0.15,0.1,3.005,0.001,7.800000000000001,0.001,0.015,1000,1310,1.0,25.0,1320,5,25.0,1080.0,5.0,25.0,900.0,8.0,25.0,1080.0,4.0,25.0,870.0,20.0,25.0,1316.0,2.0,25.0,1229.0,2.0,25.0,885.0,4.0,25.0,0.75,1000,93,7931628.83,85286.332,55.033,1050,200.0,25.0,290.0,173.0
image_64,0.05,4.5,63.5,7.0,4.5,0.5,5.62,0.625,8.5,5.5,0.5,0.0135,0.15,0.1,3.005,0.001,7.800000000000001,0.001,0.015,1000,1345,8.0,25.0,1163,3,25.0,1100.0,4.0,25.0,870.0,14.0,25.0,1080.0,4.0,25.0,870.0,20.0,25.0,1316.0,2.0,25.0,1229.0,2.0,25.0,885.0,4.0,25.0,0.86,1000,235,13156442.43,55984.861404,61.403,1200,80.0,50.0,311.0,272.0
image_65,0.05,5.4,60.0,10.0,8.0,0.6,5.7,0.7,8.0,1.5,0.5,0.0135,0.15,0.1,3.005,0.001,7.800000000000001,0.001,0.015,2000,1000,2.0,25.0,1010,2,25.0,1030.0,3.0,25.0,861.25,4.0,25.0,1080.0,4.0,25.0,870.0,20.0,25.0,1316.0,2.0,25.0,1229.0,2.0,25.0,885.0,4.0,25.0,0.8,3500,455,99479575.193,220429.825,51.323,1037,654.75,170.0,183.0,140.0
image_66,0.05,6.4,63.23,8.03,6.5,2.04,5.74,1.0,5.04,3.02,0.5,0.0135,0.15,0.1,3.005,0.001,7.800000000000001,0.001,0.015,2000,1330,1.0,25.0,1335,3,25.0,1345.0,4.0,25.0,1100.0,6.0,25.0,1080.0,4.0,25.0,870.0,20.0,25.0,1316.0,2.0,25.0,1229.0,2.0,25.0,885.0,4.0,25.0,0.5075,2000,265,28876999.61,108969.81,45.048,1120,137.0,200.0,142.0,158.0
image_67,0.05,2.0,68.125,3.0,5.0,0.4,5.7,0.625,8.0,5.53,0.5,0.0135,0.15,0.1,3.005,0.001,7.800000000000001,0.001,0.015,1000,1000,1.0,25.0,1230,2,25.0,1250.0,1.0,25.0,1110.0,6.0,25.0,1080.0,4.0,25.0,870.0,20.0,25.0,1316.0,2.0,25.0,1229.0,2.0,25.0,885.0,4.0,25.0,1.0,1000,84,13731.0,163.464,55.781,1250,60.0,31.0,182.0,136.0
image_68,0.05,4.5,63.2,8.0,6.0,2.0,5.8,1.0,7.5,3.0,0.5,0.0135,0.15,0.1,3.005,0.001,7.800000000000001,0.001,0.015,2000,1330,1.0,25.0,1335,3,25.0,1345.0,4.0,25.0,1100.0,6.0,25.0,1080.0,4.0,25.0,870.0,20.0,25.0,1316.0,2.0,25.0,1229.0,2.0,25.0,885.0,4.0,25.0,0.85,2000,277,36748972.11,132667.769,48.115,1288,10.0,12.0,344.0,225.0
image_69,0.05,12.5,62.06,7.0,5.0,0.5,4.267500000000001,1.625,5.0,3.0,0.5,0.0135,0.15,0.1,3.005,0.001,7.800000000000001,0.001,0.015,2000,1227,1.0,25.0,1249,1,25.0,1260.0,2.0,25.0,1264.0,4.0,25.0,1080.0,4.0,25.0,870.0,20.0,25.0,1316.0,2.0,25.0,1229.0,2.0,25.0,885.0,4.0,25.0,0.77,2000,144,79348394.93,551030.520347,38.245,950,280.0,21.0,241.0,181.0
image_70,0.05,14.0,64.4,3.0,4.5,0.4,4.267500000000001,1.625,5.0,3.0,0.5,0.0135,0.15,0.1,3.005,0.001,7.800000000000001,0.001,0.015,2000,1204,1.0,25.0,1227,1,25.0,1250.0,2.0,25.0,1256.0,4.0,25.0,1080.0,4.0,25.0,870.0,20.0,25.0,1316.0,2.0,25.0,1229.0,2.0,25.0,885.0,4.0,25.0,0.5075,2000,32,7248513.71,226516.053,30.584,1100,137.0,210.0,132.0,151.0
image_71,0.05,7.5,62.8,10.0,2.1,0.4,6.8075,1.3,2.2,1.45,0.5,0.0135,0.15,0.1,3.005,0.001,7.800000000000001,0.001,0.015,1000,1299,2.0,25.0,1309,6,25.0,750.0,1.0,25.0,1039.0,2.0,25.0,1080.0,4.0,25.0,870.0,20.0,25.0,1316.0,2.0,25.0,1229.0,2.0,25.0,885.0,4.0,25.0,0.72,1000,87,28383.0,326.241,49.69,1049,160.0,220.0,252.0,194.0
image_72,0.05,6.5,61.2,9.0,6.0,0.6,5.6,1.0,9.0,1.45,0.5,0.0135,0.15,0.1,3.005,0.001,7.800000000000001,0.001,0.015,1000,1280,2.0,25.0,1300,2,25.0,1305.0,2.0,25.0,1283.25,2.0,25.0,1080.0,4.0,25.0,870.0,20.0,25.0,1316.0,2.0,25.0,1229.0,2.0,25.0,885.0,4.0,25.0,0.8,1000,301,51853286.97,172270.056,51.362,950,390.0,180.0,262.0,174.0
image_73,0.05,4.6,65.3,9.0,4.0,1.1,5.9,1.0,7.6,5.53,0.5,0.0135,0.15,0.1,3.005,0.001,7.800000000000001,0.001,0.015,1000,1100,1.0,25.0,1150,2,25.0,900.0,2.0,25.0,1110.0,6.0,25.0,1080.0,4.0,25.0,870.0,20.0,25.0,1316.0,2.0,25.0,1229.0,2.0,25.0,885.0,4.0,25.0,0.81,1000,145,23847.0,164.462,48.842,1150,137.0,160.0,217.0,225.0
image_74,0.05,14.0,58.1,9.0,6.0,4.0,4.267500000000001,1.625,6.470000000000001,3.0,0.5,0.0135,0.15,0.1,3.005,0.001,7.800000000000001,0.001,0.015,2000,1133,1.0,25.0,982,4,25.0,843.0,4.0,25.0,861.25,14.0,25.0,1080.0,4.0,25.0,870.0,20.0,25.0,1316.0,2.0,25.0,1229.0,2.0,25.0,885.0,4.0,25.0,0.72,2000,150,3331637.583,22210.917,27.136,982,200.0,500.0,282.0,155.0
image_75,0.05,5.0,61.2,9.3,8.6,0.7,5.6,0.7,4.5,3.0,0.5,0.0135,0.15,0.1,3.005,0.001,7.800000000000001,0.001,0.015,1000,1238,1.0,25.0,1243,1,25.0,1249.0,1.0,25.0,1110.0,6.0,25.0,1080.0,4.0,25.0,870.0,20.0,25.0,1316.0,2.0,25.0,1229.0,2.0,25.0,885.0,4.0,25.0,0.88,1000,117,5010063.331,42821.054,52.372,1093,100.0,90.0,295.0,227.0
image_76,0.05,6.95,63.3,7.46,5.12,1.47,6.16,1.0,6.35,2.98,0.5,0.0135,0.15,0.1,3.005,0.001,7.800000000000001,0.001,0.015,1000,1300,2.0,25.0,1100,4,25.0,899.0,9.0,25.0,1110.0,6.0,25.0,1080.0,4.0,25.0,870.0,20.0,25.0,1316.0,2.0,25.0,1229.0,2.0,25.0,885.0,4.0,25.0,0.73,1000,203,31265688.6,154018.17,32.746,1000,248.0,500.0,266.0,164.0
image_77,0.05,4.3,60.9,9.0,8.0,2.0,5.6,1.0,7.5,2.0,0.5,0.0135,0.15,0.1,3.005,0.001,7.800000000000001,0.001,0.015,3500,1290,1.0,25.0,1300,2,25.0,1315.0,4.0,25.0,1120.0,4.0,25.0,1080.0,4.0,25.0,870.0,20.0,25.0,1316.0,2.0,25.0,1229.0,2.0,25.0,885.0,4.0,25.0,0.85,3500,103,99479575.193,965821.118379,42.615,1100,137.0,50.0,384.0,234.0
image_78,0.05,5.0,55.925,9.5,8.5,3.0,6.2,1.0,9.0,5.0,0.5,0.0135,0.15,0.1,3.005,0.001,7.800000000000001,0.001,0.015,1000,1340,6.0,25.0,1120,4,25.0,870.0,9.0,25.0,1110.0,6.0,25.0,1080.0,4.0,25.0,870.0,20.0,25.0,1316.0,2.0,25.0,1229.0,2.0,25.0,885.0,4.0,25.0,0.81,1000,434,56899086.55,131103.886,52.294,1100,140.0,93.0,270.0,201.0
image_79,0.05,10.0,63.0,10.0,4.5,0.5,4.267500000000001,1.625,5.0,3.0,0.5,0.0135,0.15,0.1,3.005,0.001,7.800000000000001,0.001,0.015,2000,1230,2.0,25.0,1255,2,25.0,1130.0,4.0,25.0,870.0,14.0,25.0,1080.0,4.0,25.0,870.0,20.0,25.0,1316.0,2.0,25.0,1229.0,2.0,25.0,885.0,4.0,25.0,0.83,2000,522,54658614.4,104709.989,38.079,900,200.0,519.25,249.0,147.0
image_80,0.05,10.0,61.0,10.0,4.5,0.5,4.267500000000001,1.625,5.0,2.0,0.5,0.0135,0.15,0.1,3.005,0.001,7.800000000000001,0.001,0.015,2000,1240,2.0,25.0,1265,2,25.0,1130.0,4.0,25.0,870.0,14.0,25.0,1080.0,4.0,25.0,870.0,20.0,25.0,1316.0,2.0,25.0,1229.0,2.0,25.0,885.0,4.0,25.0,0.84,2000,403,53607786.61,133021.803,36.808,900,200.0,519.25,248.0,148.0
image_81,0.05,5.4,60.0,9.6,7.8,0.6,5.8,0.8,8.3,1.5,0.5,0.0135,0.15,0.1,3.005,0.001,7.800000000000001,0.001,0.015,2000,1275,2.0,25.0,1285,2,25.0,1300.0,2.0,25.0,1283.25,8.0,25.0,1080.0,4.0,25.0,870.0,20.0,25.0,1316.0,2.0,25.0,1229.0,2.0,25.0,885.0,4.0,25.0,0.62,2000,604,69111273.22,114422.638,43.998,1038,172.0,122.0,210.0,144.0
image_82,0.05,8.0,67.6,5.5,5.0,2.2,6.0,1.625,3.5,3.0,0.5,0.0135,0.15,0.1,3.005,0.001,7.800000000000001,0.001,0.015,1000,1080,6.0,25.0,870,12,25.0,1150.0,4.0,25.0,1110.0,6.0,25.0,1080.0,4.0,25.0,870.0,20.0,25.0,1316.0,2.0,25.0,1229.0,2.0,25.0,885.0,4.0,25.0,1.0,1000,264,39297777.7,148855.219,46.432,850,500.0,250.0,139.0,137.0
image_83,0.05,8.0,67.7,5.5,5.0,2.25,6.0,1.625,3.5,3.0,0.5,0.0135,0.15,0.1,3.005,0.001,7.800000000000001,0.001,0.015,1000,1080,6.0,25.0,870,12,25.0,1150.0,4.0,25.0,1110.0,6.0,25.0,1080.0,4.0,25.0,870.0,20.0,25.0,1316.0,2.0,25.0,1229.0,2.0,25.0,885.0,4.0,25.0,1.0,1000,115,37517417.49,326238.413,37.522,850,500.0,250.0,139.0,141.0
image_84,0.05,6.5,60.5,9.7,6.4,0.6,5.7,1.0,6.6,3.0,0.5,0.0135,0.15,0.1,3.005,0.001,7.800000000000001,0.001,0.015,1000,1277,2.0,25.0,1288,2,25.0,1296.0,3.0,25.0,1283.25,3.0,25.0,1080.0,4.0,25.0,870.0,20.0,25.0,1316.0,2.0,25.0,1229.0,2.0,25.0,885.0,4.0,25.0,0.77,1000,94,17979618.36,191272.536,33.258,750,650.0,6.0,159.0,159.0
image_85,0.05,8.4,61.4,10.0,10.0,0.7,5.5,1.0,3.0,3.0,0.5,0.0135,0.15,0.1,3.005,0.001,7.800000000000001,0.001,0.015,1000,1185,2.0,25.0,871,12,25.0,1150.0,4.0,25.0,1110.0,6.0,25.0,1080.0,4.0,25.0,870.0,20.0,25.0,1316.0,2.0,25.0,1229.0,2.0,25.0,885.0,4.0,25.0,0.7,1000,74,11865124.25,160339.517,56.736,850,200.0,60.0,133.0,133.0
image_86,0.05,8.56,62.1,9.8,10.0,1.35,5.05,1.625,6.470000000000001,3.0,0.5,0.0135,0.15,0.1,3.005,0.001,7.800000000000001,0.001,0.015,3500,1205,2.0,25.0,870,12,25.0,1150.0,4.0,25.0,1110.0,6.0,25.0,1080.0,4.0,25.0,870.0,20.0,25.0,1316.0,2.0,25.0,1229.0,2.0,25.0,885.0,4.0,25.0,0.61,3500,102,46449151.75,455383.840686,50.907,1100,140.0,10.0,146.0,77.0
image_87,0.05,8.0,64.6,5.0,7.8,2.0,5.0,1.5,6.1,3.0,0.5,0.0135,0.15,0.1,3.005,0.001,7.800000000000001,0.001,0.015,2000,1300,3.0,25.0,1080,6,25.0,870.0,9.0,25.0,1110.0,6.0,25.0,1080.0,4.0,25.0,870.0,20.0,25.0,1316.0,2.0,25.0,1229.0,2.0,25.0,885.0,4.0,25.0,0.54,2000,144,19354440.35,134405.836,40.334,1050,160.0,75.0,181.0,222.0
image_88,0.05,1.5,68.125,3.0,5.0,0.4,5.8,0.625,8.0,5.53,0.5,0.0135,0.15,0.1,3.005,0.001,7.800000000000001,0.001,0.015,1000,1000,8.5,25.0,800,12,25.0,1150.0,4.0,25.0,1110.0,6.0,25.0,1080.0,4.0,25.0,870.0,20.0,25.0,1316.0,2.0,25.0,1229.0,2.0,25.0,885.0,4.0,25.0,1.0,1000,68,12.885,0.189,47.217,1050,140.0,50.0,188.0,138.0
image_89,0.05,8.38,59.8,9.98,9.55,0.64,5.9,1.06,3.12,3.0,0.5,0.0135,0.15,0.1,3.005,0.001,7.800000000000001,0.001,0.015,2000,1250,8.0,25.0,820,12,25.0,1150.0,4.0,25.0,1110.0,6.0,25.0,1080.0,4.0,25.0,870.0,20.0,25.0,1316.0,2.0,25.0,1229.0,2.0,25.0,885.0,4.0,25.0,0.77,2000,157,41901176.53,266886.475,46.051,850,440.0,49.0,227.0,181.0
image_90,0.05,4.0,68.125,2.950000000000001,5.0,1.0,6.0,0.625,5.0,4.0,0.5,0.0135,0.15,0.1,3.005,0.001,7.800000000000001,0.001,0.015,1000,1100,4.0,25.0,870,12,25.0,1150.0,4.0,25.0,1110.0,6.0,25.0,1080.0,4.0,25.0,870.0,20.0,25.0,1316.0,2.0,25.0,1229.0,2.0,25.0,885.0,4.0,25.0,0.81,1000,74,552477.041,7465.906,0.693,1050,150.0,450.0,254.0,195.0
image_91,0.05,4.0,60.5,10.0,5.0,1.0,6.0,0.625,5.0,4.0,0.5,0.0135,0.15,0.1,3.005,0.001,7.800000000000001,0.001,0.015,1000,1100,4.0,25.0,870,12,25.0,1150.0,4.0,25.0,1110.0,6.0,25.0,1080.0,4.0,25.0,870.0,20.0,25.0,1316.0,2.0,25.0,1229.0,2.0,25.0,885.0,4.0,25.0,0.81,1000,96,727158.151,7574.564,0.92,760,654.75,250.0,304.0,232.0
image_92,0.05,8.0,64.5,5.0,8.0,2.0,5.0,1.5,6.0,3.0,0.5,0.0135,0.15,0.1,3.005,0.001,7.800000000000001,0.001,0.015,2000,1300,3.0,25.0,1100,4,25.0,850.0,9.0,25.0,1110.0,6.0,25.0,1080.0,4.0,25.0,870.0,20.0,25.0,1316.0,2.0,25.0,1229.0,2.0,25.0,885.0,4.0,25.0,0.78,2000,131,16005019.91,122175.725,36.094,1050,150.0,300.0,226.0,152.0
image_93,0.05,10.0,62.4,5.0,4.0,1.35,5.0,1.5,11.375,3.0,0.5,0.0135,0.15,0.1,3.005,0.001,7.800000000000001,0.001,0.015,1000,1295,1.0,25.0,1299,1,25.0,1302.0,9.0,25.0,1080.0,4.0,25.0,1080.0,4.0,25.0,870.0,20.0,25.0,1316.0,2.0,25.0,1229.0,2.0,25.0,885.0,4.0,25.0,1.0,1000,199,1314743.1,6606.749246,1.216,815,621.0,25.0,332.0,252.0
image_94,0.05,12.0,60.6,9.0,4.0,2.0,4.267500000000001,1.625,4.9,3.0,0.5,0.0135,0.15,0.1,3.005,0.001,7.800000000000001,0.001,0.015,3500,1230,4.0,25.0,1250,4,25.0,1080.0,4.0,25.0,1110.0,6.0,25.0,1080.0,4.0,25.0,870.0,20.0,25.0,1316.0,2.0,25.0,1229.0,2.0,25.0,885.0,4.0,25.0,0.67,3500,74,4538872.871,61336.12,1.758,980,220.0,120.0,301.0,154.0
image_95,0.05,4.97,60.0,9.92,5.9,1.92,5.69,1.0,8.57,2.89,0.5,0.0135,0.15,0.1,3.005,0.001,7.800000000000001,0.001,0.015,2000,1315,4.0,25.0,1079,4,25.0,750.0,9.0,25.0,1110.0,6.0,25.0,1080.0,4.0,25.0,870.0,20.0,25.0,1316.0,2.0,25.0,1229.0,2.0,25.0,885.0,4.0,25.0,0.93,2000,358,9007284.091,25160.011,28.646,871,517.0,140.0,327.0,283.0
image_96,0.05,2.0,55.925,13.749999999999998,6.0,2.0,5.55,1.0,8.25,5.53,0.5,0.0135,0.15,0.1,3.005,0.001,7.800000000000001,0.001,0.015,2000,1316,2.0,25.0,1080,4,25.0,750.0,9.0,25.0,1110.0,6.0,25.0,1080.0,4.0,25.0,870.0,20.0,25.0,1316.0,2.0,25.0,1229.0,2.0,25.0,885.0,4.0,25.0,0.78,2000,132,47548531.54,360216.148,42.727,982,248.0,140.0,277.0,334.0
image_97,0.05,8.9,60.5,10.0,7.0,2.0,5.2,1.0,3.8,3.0,0.5,0.0135,0.15,0.1,3.005,0.001,7.800000000000001,0.001,0.015,2000,1180,2.0,25.0,1230,3,25.0,1100.0,4.0,25.0,870.0,14.0,25.0,1080.0,4.0,25.0,870.0,20.0,25.0,1316.0,2.0,25.0,1229.0,2.0,25.0,885.0,4.0,25.0,0.8,2000,424,35060506.17,82689.873042,39.551,980,250.0,150.0,251.0,169.0
image_98,0.05,3.5,62.5,7.0,6.5,2.0,5.6,1.0,7.5,4.8,0.5,0.0135,0.15,0.1,3.005,0.001,7.800000000000001,0.001,0.015,3500,1280,2.0,25.0,1300,2,25.0,1310.0,6.0,25.0,1283.25,14.0,25.0,1080.0,4.0,25.0,870.0,20.0,25.0,1316.0,2.0,25.0,1229.0,2.0,25.0,885.0,4.0,25.0,0.68,3500,294,41054814.14,139642.225,34.365,1100,140.0,120.0,168.0,90.0
image_99,0.05,6.1,61.2,9.3,6.3,0.6,5.8,1.0,6.8,2.8,0.5,0.0135,0.15,0.1,3.005,0.001,7.800000000000001,0.001,0.015,1000,1140,4.0,25.0,870,12,25.0,1150.0,4.0,25.0,1110.0,6.0,25.0,1080.0,4.0,25.0,870.0,20.0,25.0,1316.0,2.0,25.0,1229.0,2.0,25.0,885.0,4.0,25.0,0.78,1000,93,9116411.574,98025.931,23.373,950,350.0,130.0,165.0,166.0
image_100,0.05,3.8,66.4,8.5,7.0,1.5,5.2,1.0,6.0,1.6,0.5,0.0135,0.15,0.1,3.005,0.001,7.800000000000001,0.001,0.015,1000,1290,1.0,25.0,1300,2,25.0,1315.0,4.0,25.0,1120.0,4.0,25.0,1080.0,4.0,25.0,870.0,20.0,25.0,1316.0,2.0,25.0,1229.0,2.0,25.0,885.0,4.0,25.0,0.85,1000,73,18273673.46,250324.294,46.529,980,350.0,80.0,226.0,167.0
image_101,0.05,4.3,62.8,9.1,8.0,1.5,5.2,1.0,6.0,2.5,0.5,0.0135,0.15,0.1,3.005,0.001,7.800000000000001,0.001,0.015,2000,1290,1.0,25.0,1300,2,25.0,1318.0,6.0,25.0,1130.0,4.0,25.0,1080.0,4.0,25.0,870.0,20.0,25.0,1316.0,2.0,25.0,1229.0,2.0,25.0,885.0,4.0,25.0,0.5075,2000,29,6161663.523,212471.156,26.146,780,654.75,5.0,129.0,151.0
image_102,0.05,8.7,62.6,9.5,9.9,1.5,5.1,1.625,7.6,3.0,0.5,0.0135,0.15,0.1,3.005,0.001,7.800000000000001,0.001,0.015,3500,1000,1.0,25.0,1100,3,25.0,1150.0,4.0,25.0,1110.0,6.0,25.0,1080.0,4.0,25.0,870.0,20.0,25.0,1316.0,2.0,25.0,1229.0,2.0,25.0,885.0,4.0,25.0,0.57,3500,181,38578853.48,213142.837,26.523,900,70.0,135.0,192.0,133.0
image_103,0.05,4.6,58.8,6.5,4.0,1.1,5.9,1.0,6.470000000000001,5.53,0.5,0.0135,0.15,0.1,3.005,0.001,7.800000000000001,0.001,0.015,1000,1000,6.0,25.0,1230,12,25.0,1250.0,9.0,25.0,1110.0,6.0,25.0,1080.0,4.0,25.0,870.0,20.0,25.0,1316.0,2.0,25.0,1229.0,2.0,25.0,885.0,4.0,25.0,1.0,1000,372,12904960.29,34690.753,45.775,900,392.0,100.0,180.0,134.0
image_104,0.05,3.0,58.3,12.0,6.0,2.0,6.0,1.0,6.0,5.0,0.5,0.0135,0.15,0.1,3.005,0.001,7.800000000000001,0.001,0.015,2000,1240,1.0,25.0,1280,2,25.0,1300.0,2.0,25.0,1283.25,8.0,25.0,1080.0,4.0,25.0,870.0,20.0,25.0,1316.0,2.0,25.0,1229.0,2.0,25.0,885.0,4.0,25.0,0.81,2000,116,45292968.56,385087.40775,32.106,900,392.0,400.0,215.0,146.0
image_105,0.05,4.9,62.4,7.8,8.7,1.9,5.3,0.625,6.0,2.4,0.5,0.0135,0.15,0.1,3.005,0.001,7.800000000000001,0.001,0.015,1000,1300,2.0,25.0,1320,5,25.0,1100.0,4.0,25.0,861.25,14.0,25.0,1080.0,4.0,25.0,870.0,20.0,25.0,1316.0,2.0,25.0,1229.0,2.0,25.0,885.0,4.0,25.0,0.84,1000,122,15086875.0,123662.91,42.124,900,392.0,400.0,247.0,232.0
image_106,0.05,3.2,63.7,5.8,5.9,2.8,5.9,1.0,5.6,5.0,0.5,0.0135,0.15,0.1,3.005,0.001,7.800000000000001,0.001,0.015,3500,1300,1.0,25.0,1340,5,25.0,1150.0,4.0,25.0,870.0,14.0,25.0,1080.0,4.0,25.0,870.0,20.0,25.0,1316.0,2.0,25.0,1229.0,2.0,25.0,885.0,4.0,25.0,0.84,3500,162,99479575.193,614071.451809,31.486,1100,137.0,400.0,131.0,81.0
image_107,0.05,7.6,68.125,3.1,2.0,2.6,6.8075,1.625,6.470000000000001,3.0,0.5,0.0135,0.15,0.1,3.005,0.001,7.800000000000001,0.001,0.015,1000,1299,2.0,25.0,1309,6,25.0,750.0,1.0,25.0,1039.0,2.0,25.0,1080.0,4.0,25.0,870.0,20.0,25.0,1316.0,2.0,25.0,1229.0,2.0,25.0,885.0,4.0,25.0,0.69,1000,129,10410207.96,80699.286,48.666,1049,160.0,70.0,123.0,92.0
image_108,0.05,2.9,63.3,5.8,5.8,2.9,5.8,1.0,5.5,4.9,0.5,0.0135,0.15,0.1,3.005,0.001,7.800000000000001,0.001,0.015,3500,1300,1.0,25.0,1340,5,25.0,1150.0,4.0,25.0,870.0,14.0,25.0,1080.0,4.0,25.0,870.0,20.0,25.0,1316.0,2.0,25.0,1229.0,2.0,25.0,885.0,4.0,25.0,0.76,3500,177,81036898.46,457835.58452,38.998,1000,245.0,300.0,521.75,359.25
image_109,0.05,7.0,63.09,7.5,5.0,1.5,6.2,1.0,6.5,3.0,0.5,0.0135,0.15,0.1,3.005,0.001,7.800000000000001,0.001,0.015,1000,1265,2.0,25.0,1050,2,25.0,870.0,9.0,25.0,1110.0,6.0,25.0,1080.0,4.0,25.0,870.0,20.0,25.0,1316.0,2.0,25.0,1229.0,2.0,25.0,885.0,4.0,25.0,1.0,1000,81,16031727.26,197922.559,56.483,982,206.0,200.0,189.0,142.0
