target,strategy,n_folds,R2_outer_mean,R2_outer_std,MAE_outer_mean,RMSE_outer_mean,R2_pooled_OOF,MAE_pooled_OOF,RMSE_pooled_OOF
features[0].fraction,composition_processing,5,-0.17896821243536137,0.20825233651188596,0.09837355406120316,0.12505761265330143,-0.05649841933689337,0.09867734276895111,0.12741941739442
features[0].fraction,composition_processing_plus_morphology,5,-0.11595218825094758,0.1628377208421694,0.09590817040117798,0.1216578639170427,0.0032201029487715083,0.0961684493460938,0.1237658487634682
features[0].fraction,morphology_only,5,-0.02337633318827983,0.16489485365406156,0.09218630519626729,0.11793096813080253,0.04397854344044394,0.09253799667174036,0.12120903927627041
features[0].fraction,training_mean_baseline,5,-0.12917336388650225,0.10155044472065873,0.09865806129247169,0.1238400388536161,-0.04801251139673135,0.09901678174146529,0.12690666252059232
features[0].size(nm),composition_processing,5,0.01355046329752323,0.10017581794967119,741.7720937465078,908.1507019348558,0.028455052003492076,740.4521632475896,921.1408311433026
features[0].size(nm),composition_processing_plus_morphology,5,-0.2337741196494089,0.4990812394765429,780.342892056045,964.8846540623356,-0.07621031947858903,780.007242826917,969.4896135541818
features[0].size(nm),morphology_only,5,-0.22063388897656067,0.5292927145593772,764.908408515297,954.3057968349736,-0.06107731623088153,764.4537281526493,962.6493009892081
features[0].size(nm),training_mean_baseline,5,-0.0575330875906757,0.0921358928388269,789.896402398401,935.3393757096328,-0.018913362618416585,789.0567063035418,943.3290603915353
microstructure[0].count,composition_processing,5,-0.03979023654753464,0.08491654737635422,132.42732982963744,160.20552063714322,-0.030004227386325022,132.37366902334946,161.43368307348203
microstructure[0].count,composition_processing_plus_morphology,5,0.2652063733643174,0.5372165747662441,91.22521438428645,124.27950196062288,0.3600956709661808,91.32569194326771,127.24249484920819
microstructure[0].count,composition_processing_plus_morphology_without_count_or_density,5,0.2344033113885243,0.5412122641978929,94.15683778978547,127.39989913878824,0.33193437725045927,94.25453822587095,130.0122319107151
microstructure[0].count,morphology_only,5,0.28492999065719476,0.5541181649667911,87.16580248714905,121.76145873525915,0.38339403540877837,87.28416210302544,124.90462284923099
microstructure[0].count,morphology_without_count_or_density,5,0.2516761298456522,0.5536959506791345,90.90006803562342,125.28194040069533,0.35227922656789246,91.00331113751682,128.01727088595814
microstructure[0].count,training_mean_baseline,5,-0.02655531622494687,0.02254049164988132,130.73561625582943,158.95830258416981,-0.009685614816293153,130.69870860503775,159.8334729118242
microstructure[1].total area(nm²),composition_processing,5,-0.12161848792507582,0.23281372860215968,21404127.142519567,26618688.884632252,-0.014511460219174044,21343198.24218863,27346777.78749797
microstructure[1].total area(nm²),composition_processing_plus_morphology,5,-0.03459724336921988,0.5129252082855271,18127794.389191903,24298488.099092137,0.1866121591348575,18076284.91601661,24486489.159112245
microstructure[1].total area(nm²),morphology_only,5,-0.04258837438931477,0.5174261972402064,18523242.896110713,24390489.16690453,0.18000252646950266,18485537.135696035,24585777.11617991
microstructure[1].total area(nm²),training_mean_baseline,5,-0.1419217002183284,0.16665850766624407,21936497.286661286,26938296.69435023,-0.036790054256302884,21874024.09167299,27645413.758924115
microstructure[2].Average area(nm²),composition_processing,5,-0.03169103121613517,0.11512873613583739,85032.3760062051,103492.39994519915,0.027877544909601037,84788.05775889567,106348.20829571699
microstructure[2].Average area(nm²),composition_processing_plus_morphology,5,-0.8962261717032455,1.8800848206672214,89373.82168618366,117466.23638010253,-0.19412627325758813,89427.28682844382,117867.70213349829
microstructure[2].Average area(nm²),morphology_only,5,-0.7254254639352584,1.4933431140696538,89796.7246670639,115575.00795026447,-0.153583106170313,89890.41435877544,115849.4919767211
microstructure[2].Average area(nm²),training_mean_baseline,5,-0.1473888793889507,0.19883866492163416,86837.21599015947,107434.04497963139,-0.03265375674334847,86585.82128387154,109609.21177703899
microstructure[3].percentage area,composition_processing,5,-0.050885823034736564,0.028177356390207013,21.189227220240202,22.62695471407187,-0.04105014345320712,21.195849066046854,22.65756525819884
microstructure[3].percentage area,composition_processing_plus_morphology,5,-0.10141474484849637,0.27363399755270656,20.292610549585113,23.05106097141087,-0.09650592472001485,20.31886180920085,23.25320962096384
microstructure[3].percentage area,morphology_only,5,-0.07442925172779782,0.280716894818447,20.11527017923486,22.76330096713614,-0.07019095776505435,20.139063923898387,22.972489090839154
microstructure[3].percentage area,training_mean_baseline,5,-0.01257563533179833,0.01040222873443409,21.069999404463694,22.219473727340098,-0.004376761644598659,21.074196156821376,22.254904924828775
