target,outer_fold,strategy,n_train,n_test,group_overlap,ridge_alpha,R2,MAE,RMSE
features[0].fraction,1,training_mean_baseline,79,20,0,,-0.21212446808600438,0.09787974683544302,0.11569437095190382
features[0].fraction,1,composition_processing,79,20,0,100.0,-0.4654768164620535,0.10555016694325428,0.12721200460249946
features[0].fraction,1,morphology_only,79,20,0,100.0,0.03288228200948462,0.08930826837819819,0.10334233972743101
features[0].fraction,1,composition_processing_plus_morphology,79,20,0,100.0,-0.2551444751889227,0.10115199949532434,0.11772954876917043
features[0].fraction,2,training_mean_baseline,79,20,0,,-0.25200370848404385,0.1167674050632912,0.15014695123121288
features[0].fraction,2,composition_processing,79,20,0,100.0,-0.2594581775823541,0.1130429248189015,0.15059327767024178
features[0].fraction,2,morphology_only,79,20,0,100.0,-0.1669121957967541,0.10184131041578173,0.14495486638467492
features[0].fraction,2,composition_processing_plus_morphology,79,20,0,100.0,-0.21757975558269838,0.10536717402715375,0.1480684123825249
features[0].fraction,3,training_mean_baseline,79,20,0,,-0.07036862909968922,0.09732911392405066,0.12648213126969343
features[0].fraction,3,composition_processing,79,20,0,100.0,0.07699686577613885,0.09234157653220176,0.11745298993261019
features[0].fraction,3,morphology_only,79,20,0,100.0,-0.2283878655379845,0.10563816299878151,0.13549717723381074
features[0].fraction,3,composition_processing_plus_morphology,79,20,0,100.0,-0.10765942169245513,0.09897128317943645,0.128666536895245
features[0].fraction,4,training_mean_baseline,79,20,0,,-0.10579846807704163,0.1181693037974683,0.1478611902138722
features[0].fraction,4,composition_processing,79,20,0,100.0,-0.042124999372961325,0.11263463001750104,0.14354104805886395
features[0].fraction,4,morphology_only,79,20,0,100.0,0.11164192474145751,0.10677493506414004,0.13252879005137275
features[0].fraction,4,composition_processing_plus_morphology,79,20,0,100.0,0.15724867572733559,0.10390984044946168,0.12908207187707638
features[0].fraction,5,training_mean_baseline,80,19,0,,-0.005571545685732149,0.06314473684210525,0.07901555060139812
features[0].fraction,5,composition_processing,80,19,0,100.0,-0.2047779345355767,0.06829847199415723,0.08648874300229169
features[0].fraction,5,morphology_only,80,19,0,100.0,0.13389418864239733,0.05736884912443498,0.07333166725672326
features[0].fraction,5,composition_processing_plus_morphology,80,19,0,100.0,-0.15662596451799726,0.07014055485451372,0.08474274966119683
features[0].size(nm),1,training_mean_baseline,79,20,0,,-0.06826341659067969,950.0,1119.1688237047044
features[0].size(nm),1,composition_processing,79,20,0,100.0,-0.11207908891512663,928.8135844648057,1141.8899823332306
features[0].size(nm),1,morphology_only,79,20,0,100.0,0.5516642519489214,591.5511090162422,725.0335610093437
features[0].size(nm),1,composition_processing_plus_morphology,79,20,0,100.0,0.47468695893913204,667.4400090740726,784.8117867641055
features[0].size(nm),2,training_mean_baseline,79,20,0,,-1.1829996640067009e-06,725.0,872.8550287979493
features[0].size(nm),2,composition_processing,79,20,0,100.0,0.1440052669684615,650.9181118415654,807.564850168953
features[0].size(nm),2,morphology_only,79,20,0,100.0,-0.6122235759939361,799.1999432769996,1108.2927577857665
features[0].size(nm),2,composition_processing_plus_morphology,79,20,0,100.0,-0.48640928895040547,785.3461401961754,1064.1701353726717
features[0].size(nm),3,training_mean_baseline,79,20,0,,-0.21408182683158894,795.0,893.0285549745876
features[0].size(nm),3,composition_processing,79,20,0,100.0,-0.001896247897879011,719.5320551939594,811.2463237746716
features[0].size(nm),3,morphology_only,79,20,0,100.0,-0.5854584102985743,890.3843324569023,1020.5135928858939
features[0].size(nm),3,composition_processing_plus_morphology,79,20,0,100.0,-0.5911201532125505,883.3402884851133,1022.3341188875064
features[0].size(nm),4,training_mean_baseline,79,20,0,,-0.001852267264861318,606.4556962025315,750.6942788755516
features[0].size(nm),4,composition_processing,79,20,0,100.0,0.07820986302202959,537.1515040927951,720.0742684266036
features[0].size(nm),4,morphology_only,79,20,0,100.0,-0.57324462979972,733.4848934089262,940.7178664521805
features[0].size(nm),4,composition_processing_plus_morphology,79,20,0,100.0,-0.6690460348674576,752.0158567851568,968.9367340610763
features[0].size(nm),5,training_mean_baseline,80,19,0,,-0.003466744266584554,873.0263157894736,1040.9501921953706
features[0].size(nm),5,composition_processing,80,19,0,100.0,-0.040487476689869295,872.4452131394135,1059.97808497082
features[0].size(nm),5,morphology_only,80,19,0,100.0,0.11609291926050547,809.921764417415,976.9712060416839
features[0].size(nm),5,composition_processing_plus_morphology,80,19,0,100.0,0.10301791984423714,813.5721657397069,984.1704952263176
microstructure[0].count,1,training_mean_baseline,79,20,0,,-0.012108465458689377,140.09999999999997,176.44030475161512
microstructure[0].count,1,composition_processing,79,20,0,100.0,0.003254680101858143,139.04741684151583,175.0960597528219
microstructure[0].count,1,morphology_only,79,20,0,100.0,0.7502109454316637,64.97322039850982,87.65384523404134
microstructure[0].count,1,composition_processing_plus_morphology,79,20,0,100.0,0.7301269173528573,69.27683131843438,91.10958227399561
microstructure[0].count,1,morphology_without_count_or_density,79,20,0,100.0,0.7333289381364649,69.05821573164815,90.56746577764221
microstructure[0].count,1,composition_processing_plus_morphology_without_count_or_density,79,20,0,100.0,0.710929474887771,73.05813060168981,94.29445966540412
microstructure[0].count,2,training_mean_baseline,79,20,0,,-0.036477972637167344,143.92151898734176,166.3305954310453
microstructure[0].count,2,composition_processing,79,20,0,100.0,-0.13631957612465273,151.3937155776562,174.15756666489887
microstructure[0].count,2,morphology_only,79,20,0,100.0,0.3322476991679537,100.01573241521496,133.5056975815869
microstructure[0].count,2,composition_processing_plus_morphology,79,20,0,100.0,0.2386943492612933,106.41756096758756,142.55144712555955
microstructure[0].count,2,morphology_without_count_or_density,79,20,0,100.0,0.3143502713134074,103.96332529156034,135.28301013634706
microstructure[0].count,2,composition_processing_plus_morphology_without_count_or_density,79,20,0,100.0,0.2353018834492312,108.27633702214393,142.8687069291777
microstructure[0].count,3,training_mean_baseline,79,20,0,,-0.06113578540625508,136.0,166.02479617044722
microstructure[0].count,3,composition_processing,79,20,0,100.0,-0.11165077188632555,138.12758908112934,169.93062794753246
microstructure[0].count,3,morphology_only,79,20,0,100.0,0.39713021629625234,86.92375189232219,125.1408884444007
microstructure[0].count,3,composition_processing_plus_morphology,79,20,0,100.0,0.40574026995264834,89.91779876596821,124.24405752094069
microstructure[0].count,3,morphology_without_count_or_density,79,20,0,100.0,0.3727346515262113,92.17051374028627,127.6477381484329
microstructure[0].count,3,composition_processing_plus_morphology_without_count_or_density,79,20,0,100.0,0.37513472530010805,95.33511375153638,127.40329805012249
microstructure[0].count,4,training_mean_baseline,79,20,0,,-0.017757177643187072,99.26708860759494,128.07872306278668
microstructure[0].count,4,composition_processing,79,20,0,100.0,0.07111545730410884,95.82817799573786,122.35895804944255
microstructure[0].count,4,morphology_only,79,20,0,100.0,-0.6605913670792158,108.468107214314,163.60112660068833
microstructure[0].count,4,composition_processing_plus_morphology,79,20,0,100.0,-0.6367253055493161,109.23594482430039,162.42123210522263
microstructure[0].count,4,morphology_without_count_or_density,79,20,0,100.0,-0.6951726401917866,108.6292844664484,165.29581923321354
microstructure[0].count,4,composition_processing_plus_morphology_without_count_or_density,79,20,0,100.0,-0.6803566205608678,109.63011295623464,164.5718809285749
microstructure[0].count,5,training_mean_baseline,80,19,0,,-0.005297179979435462,134.38947368421051,157.91709350495478
microstructure[0].count,5,composition_processing,80,19,0,100.0,-0.02535097213266191,137.739749652148,159.4843907710203
microstructure[0].count,5,morphology_only,80,19,0,100.0,0.6056524594693198,75.4482005153843,98.90573581557845
microstructure[0].count,5,composition_processing_plus_morphology,80,19,0,100.0,0.5881956358041041,81.2779360451417,101.07119077739596
microstructure[0].count,5,morphology_without_count_or_density,80,19,0,100.0,0.5331394284439639,80.67900094817392,107.61566870784097
microstructure[0].count,5,composition_processing_plus_morphology_without_count_or_density,80,19,0,100.0,0.531007093866379,84.48449461732258,107.86115012066195
microstructure[1].total area(nm²),1,training_mean_baseline,79,20,0,,-0.05166241347701095,25330732.82080886,31287360.020377457
microstructure[1].total area(nm²),1,composition_processing,79,20,0,100.0,-0.05150561370232887,25626043.489872843,31285027.50672367
microstructure[1].total area(nm²),1,morphology_only,79,20,0,100.0,0.22607121784032047,20859934.551968627,26839921.572448038
microstructure[1].total area(nm²),1,composition_processing_plus_morphology,79,20,0,100.0,0.27020216709137546,19520561.633073933,26063457.53981636
microstructure[1].total area(nm²),2,training_mean_baseline,79,20,0,,-0.4287409931323729,17445097.745105695,19889096.33812821
microstructure[1].total area(nm²),2,composition_processing,79,20,0,100.0,-0.5193771737033399,17820034.26819131,20510256.76839812
microstructure[1].total area(nm²),2,morphology_only,79,20,0,100.0,-0.95121931346421,18114913.89549155,23242955.01188475
microstructure[1].total area(nm²),2,composition_processing_plus_morphology,79,20,0,100.0,-0.9389932109702286,18246604.723636225,23170021.822571684
microstructure[1].total area(nm²),3,training_mean_baseline,79,20,0,,-0.011431348985406542,19558054.00080886,22526656.017800026
microstructure[1].total area(nm²),3,composition_processing,79,20,0,100.0,0.05827100282518216,18404045.929853987,21736594.0111938
microstructure[1].total area(nm²),3,morphology_only,79,20,0,100.0,0.18682094908426716,16034712.250453636,20198616.017181825
microstructure[1].total area(nm²),3,composition_processing_plus_morphology,79,20,0,100.0,0.1349096352950413,15332257.521601534,20833357.17901114
microstructure[1].total area(nm²),4,training_mean_baseline,79,20,0,,-0.08170364572724109,19227258.276080385,22952598.200673174
microstructure[1].total area(nm²),4,composition_processing,79,20,0,100.0,0.024387848689742975,17734423.7493976,21797982.915417437
microstructure[1].total area(nm²),4,morphology_only,79,20,0,100.0,0.028115348710012533,15350540.605475912,21756301.52610573
microstructure[1].total area(nm²),4,composition_processing_plus_morphology,79,20,0,100.0,0.0796676805370955,14312315.834101837,21171422.748538245
microstructure[1].total area(nm²),5,training_mean_baseline,80,19,0,,-0.1360700997696105,28121343.59050263,38035772.89477228
microstructure[1].total area(nm²),5,composition_processing,80,19,0,100.0,-0.11986850373463542,27436088.275282092,37763583.22142822
microstructure[1].total area(nm²),5,morphology_only,80,19,0,100.0,0.2972699258830359,22256113.177163832,29914651.706902318
microstructure[1].total area(nm²),5,composition_processing_plus_morphology,80,19,0,100.0,0.28122751120061695,23227232.23354599,30254181.20552326
microstructure[2].Average area(nm²),1,training_mean_baseline,79,20,0,,-0.002585138311423707,79438.37712120252,104060.31418385649
microstructure[2].Average area(nm²),1,composition_processing,79,20,0,100.0,-0.01125645059108038,85646.93316266566,104509.35175920858
microstructure[2].Average area(nm²),1,morphology_only,79,20,0,100.0,-0.21058031496389784,96616.54541648444,114346.08646586699
microstructure[2].Average area(nm²),1,composition_processing_plus_morphology,79,20,0,100.0,-0.2615099841094757,98356.31076863328,116726.60319782072
microstructure[2].Average area(nm²),2,training_mean_baseline,79,20,0,,-0.021663236659612117,84906.7641977848,108074.95088308923
microstructure[2].Average area(nm²),2,composition_processing,79,20,0,100.0,0.012105778275982249,87826.23342457748,106273.84321513305
microstructure[2].Average area(nm²),2,morphology_only,79,20,0,100.0,-0.424617104311684,103558.28067265695,127620.44097402366
microstructure[2].Average area(nm²),2,composition_processing_plus_morphology,79,20,0,100.0,-0.40355870458122034,104644.41578751605,126673.69963804679
microstructure[2].Average area(nm²),3,training_mean_baseline,79,20,0,,-0.4354575556073592,54931.797082278485,66753.23482361119
microstructure[2].Average area(nm²),3,composition_processing,79,20,0,100.0,-0.010246440332437379,46508.58367026413,56000.35793199581
microstructure[2].Average area(nm²),3,morphology_only,79,20,0,100.0,-3.355696090546954,78753.69990937349,116280.24108014695
microstructure[2].Average area(nm²),3,composition_processing_plus_morphology,79,20,0,100.0,-4.223726361054305,74899.7559235669,127340.73371005613
microstructure[2].Average area(nm²),4,training_mean_baseline,79,20,0,,-0.0003535064210062888,103183.84963686709,124079.27242275205
microstructure[2].Average area(nm²),4,composition_processing,79,20,0,100.0,0.078036887961068,95960.24728367811,119118.51247369726
microstructure[2].Average area(nm²),4,morphology_only,79,20,0,100.0,0.1829359488681428,89533.65214918299,112137.41495447126
microstructure[2].Average area(nm²),4,composition_processing_plus_morphology,79,20,0,100.0,0.22352938654630172,84887.85334877581,109316.31937200512
microstructure[2].Average area(nm²),5,training_mean_baseline,80,19,0,,-0.2768849599453522,111725.29191266448,134202.45258484804
microstructure[2].Average area(nm²),5,composition_processing,80,19,0,100.0,-0.22709493139420833,109219.88248984015,131559.93434596105
microstructure[2].Average area(nm²),5,morphology_only,80,19,0,100.0,0.18083024127810077,80521.44518762162,107490.85627681352
microstructure[2].Average area(nm²),5,composition_processing_plus_morphology,80,19,0,100.0,0.18413480468247156,84080.77260242621,107273.82598258385
microstructure[3].percentage area,1,training_mean_baseline,79,20,0,,-0.008361953086744256,23.248322987341773,23.86009071790019
microstructure[3].percentage area,1,composition_processing,79,20,0,100.0,-0.056232447606976654,23.112147729550635,24.419885182378216
microstructure[3].percentage area,1,morphology_only,79,20,0,100.0,-0.0750794934177137,22.03005867596007,24.636791843707766
microstructure[3].percentage area,1,composition_processing_plus_morphology,79,20,0,100.0,-0.13835687705053235,22.303748637446173,25.351466268114088
microstructure[3].percentage area,2,training_mean_baseline,79,20,0,,-0.008369033916717505,21.68395,22.721088129492273
microstructure[3].percentage area,2,composition_processing,79,20,0,100.0,-0.013842598877942702,21.826550402344107,22.782671258364882
microstructure[3].percentage area,2,morphology_only,79,20,0,100.0,0.18879324392958619,18.435032085093724,20.379107278279392
microstructure[3].percentage area,2,composition_processing_plus_morphology,79,20,0,100.0,0.2005965765442238,18.058829627838854,20.23030255397093
microstructure[3].percentage area,3,training_mean_baseline,79,20,0,,-0.01766613020739638,21.222092392405067,22.44622571697365
microstructure[3].percentage area,3,composition_processing,79,20,0,100.0,-0.03346228359692249,21.162774684237668,22.61975940803404
microstructure[3].percentage area,3,morphology_only,79,20,0,100.0,-0.5474746147182028,24.046565859813835,27.67912979644832
microstructure[3].percentage area,3,composition_processing_plus_morphology,79,20,0,100.0,-0.5374067641585829,24.503417095779863,27.58894283149542
microstructure[3].percentage area,4,training_mean_baseline,79,20,0,,-0.0007142968358417878,18.541110721518987,20.546044239565635
microstructure[3].percentage area,4,composition_processing,79,20,0,100.0,-0.08695877765319415,19.310998799685972,21.41310781534708
microstructure[3].percentage area,4,morphology_only,79,20,0,100.0,0.03089348303915873,18.305004817761045,20.21896515106223
microstructure[3].percentage area,4,composition_processing_plus_morphology,79,20,0,100.0,-0.049347575218127604,18.903321539233684,21.03937567357748
microstructure[3].percentage area,5,training_mean_baseline,80,19,0,,-0.027766762612291718,20.654520921052633,21.52391983276875
microstructure[3].percentage area,5,composition_processing,80,19,0,100.0,-0.06393300743864683,20.533664485382616,21.899349906235138
microstructure[3].percentage area,5,morphology_only,80,19,0,100.0,0.030721122528182487,17.759689457545615,20.90251076618299
microstructure[3].percentage area,5,composition_processing_plus_morphology,80,19,0,100.0,0.01744091564053718,17.693735847626982,21.045217529896423
