target,outer_fold,n_train,n_test,selected_feature_strategy,selected_model,inner_best_R2_mean,outer_R2,outer_MAE,outer_RMSE
features[0].fraction,1,79,20,Original Morphology only,CatBoost,-0.0033537004882833454,-0.030148360631290005,0.06985896666642495,0.09494644966445254
features[0].fraction,2,79,20,All Morphology,ExtraTrees,0.15517973558046513,0.12690514680032272,0.08357699999999994,0.11199013033522223
features[0].fraction,3,79,20,Original Morphology only,RandomForest,0.1452315355614325,0.05824021425193526,0.0832441333333345,0.1203013712827087
features[0].fraction,4,79,20,Original Morphology only,CatBoost,0.1514731971543724,0.34857629212343544,0.07962709088349196,0.10619091679225215
features[0].fraction,5,80,19,Materials Metadata + Original Morphology,CatBoost,0.1589495040731398,0.27059158713334075,0.09433667710467442,0.12130657172050092
features[0].size(nm),1,79,20,Materials Metadata + Original Morphology,ExtraTrees,0.07734875217683179,0.3474280965915656,612.02,840.2387922489654
features[0].size(nm),2,79,20,Materials Metadata + Original Morphology,ExtraTrees,0.19805909245555708,-0.3725248550264548,671.13,805.3061492376672
features[0].size(nm),3,79,20,Materials Metadata + Original Morphology,CatBoost,0.16172451772624458,0.4627559600935697,442.7633420563525,639.7755879241655
features[0].size(nm),4,79,20,Materials Metadata + Original Morphology,RandomForest,0.17830888030077044,0.21766851578947377,583.14,771.0849032369911
features[0].size(nm),5,80,19,Materials Metadata + All Morphology,ExtraTrees,0.1695193931744312,0.39365118735933113,641.3684210526316,855.1884987656538
microstructure[0].count,1,79,20,Materials Metadata + Expanded Morphology,ExtraTrees,0.5975531588513099,0.06626876768100609,119.9772,162.86720450845837
microstructure[0].count,2,79,20,Expanded Morphology only,ExtraTrees,0.41191854985790016,0.3557766686614351,98.41409999999999,148.84493473343323
microstructure[0].count,3,79,20,Materials Metadata + Original Morphology,ExtraTrees,0.38886140879854514,0.593761300087692,85.94400000000002,110.51057172053721
microstructure[0].count,4,79,20,Materials Metadata + Original Morphology,ExtraTrees,0.37431563844835214,0.5372612122788902,60.905499999999996,83.17930220794112
microstructure[0].count,5,80,19,Materials Metadata + All Morphology,CatBoost,0.38997276444289164,0.6602948913076716,49.06089507740874,71.03266177186218
microstructure[1].total area(nm²),1,79,20,Materials Metadata + Original Morphology,CatBoost,0.2857993089732209,0.38460744575324146,16841664.396328297,24029473.117401756
microstructure[1].total area(nm²),2,79,20,Original Morphology only,CatBoost,0.3038473962756546,0.24905784883855808,16641657.85500066,21285612.13316533
microstructure[1].total area(nm²),3,79,20,Materials Metadata + All Morphology,XGBoost,0.1711493224375538,0.4527022765234866,15143019.189550001,19003634.34224641
microstructure[1].total area(nm²),4,79,20,Original Morphology only,Ridge,0.43562367112700495,-0.9685279850731998,26146556.42421037,40269875.95420971
microstructure[1].total area(nm²),5,80,19,Materials Metadata + Original Morphology,CatBoost,0.2732761905284923,-0.0973670383341505,17962982.36485751,24970022.35195284
microstructure[2].Average area(nm²),1,79,20,Original Morphology only,ExtraTrees,0.145291510895489,0.16785682024310788,70111.6619919498,95961.62679628373
microstructure[2].Average area(nm²),2,79,20,Original Morphology only,ExtraTrees,0.07546891275619427,-0.3512777814329635,71385.07560299996,86453.06861745054
microstructure[2].Average area(nm²),3,79,20,Materials Metadata only,RandomForest,0.036832354172363,-0.0259936410981787,107039.31196168516,132311.94175132117
microstructure[2].Average area(nm²),4,79,20,Original Morphology only,ExtraTrees,0.08122135949035644,0.19493076627861605,73486.52161135018,99453.43296595072
microstructure[2].Average area(nm²),5,80,19,Original Morphology only,ExtraTrees,0.19948003166775966,-0.18729031517440098,74473.56061449998,93030.80807929892
microstructure[3].percentage area,1,79,20,All Morphology,RandomForest,-0.06918431278874407,0.18299140614817622,15.768245208000005,17.820118681656577
microstructure[3].percentage area,2,79,20,Original Morphology only,RandomForest,-0.06440213807218692,-0.2778210021498453,22.06570529799999,23.929694569711657
microstructure[3].percentage area,3,79,20,Materials Metadata + Expanded Morphology,RandomForest,-0.09338063321457712,-0.2571846007262475,22.76481761400001,23.638787286813884
microstructure[3].percentage area,4,79,20,Materials Metadata + Expanded Morphology,XGBoost,0.08834205639318787,-3.8577368658622007,24.6944900812149,27.58671632569534
microstructure[3].percentage area,5,80,19,Expanded Morphology only,CatBoost,0.0949078215569421,-0.3166766881639185,25.349166370793597,26.702599033221265
