file_key,provisional_material_condition_group,alloy.composition.Al,alloy.composition.B,alloy.composition.C,alloy.composition.Co,alloy.composition.Cr,alloy.composition.Fe,alloy.composition.Hf,alloy.composition.Mo,alloy.composition.Nb,alloy.composition.Ni,alloy.composition.Re,alloy.composition.Ru,alloy.composition.S,alloy.composition.Si,alloy.composition.Ta,alloy.composition.Ti,alloy.composition.W,alloy.composition.Y,alloy.composition.Zr,image_properties.processing.ht1_cool(°C),image_properties.processing.ht1_temp(°C),image_properties.processing.ht1_time(hour),image_properties.processing.ht2_cool(°C),image_properties.processing.ht2_temp(°C),image_properties.processing.ht2_time(hour),image_properties.processing.ht3_cool(°C),image_properties.processing.ht3_temp(°C),image_properties.processing.ht3_time(hour),image_properties.processing.ht4_cool(°C),image_properties.processing.ht4_temp(°C),image_properties.processing.ht4_time(hour),image_properties.processing.ht5_cool(°C),image_properties.processing.ht5_temp(°C),image_properties.processing.ht5_time(hour),image_properties.processing.ht6_cool(°C),image_properties.processing.ht6_temp(°C),image_properties.processing.ht6_time(hour),image_properties.processing.ht7_cool(°C),image_properties.processing.ht7_temp(°C),image_properties.processing.ht7_time(hour),image_properties.processing.ht8_cool(°C),image_properties.processing.ht8_temp(°C),image_properties.processing.ht8_time(hour),image_properties.processing.ht9_cool(°C),image_properties.processing.ht9_temp(°C),image_properties.processing.ht9_time(hour),group_size
image_1,941087f643c7462b,5.7,0.0135,0.05,9.0,4.0,7.800000000000001,0.1,2.0,0.5,59.9,2.2,3.005,0.001,0.15,7.0,0.625,8.0,0.001,0.015,25.0,1290,1.0,25.0,1300,2,25.0,1315.0,4.0,25.0,1120.0,4.0,25.0,1080.0,4.0,25.0,870.0,20.0,25.0,1316.0,2.0,25.0,1229.0,2.0,25.0,885.0,4.0,1
image_2,1e451eff8d224f5c,5.81,0.0135,0.05,12.02,3.97,7.800000000000001,0.1,4.1,0.5,55.925,5.4,3.005,0.001,0.15,4.0,1.0,5.0,0.001,0.015,25.0,1325,8.5,25.0,1333,12,25.0,1150.0,4.0,25.0,870.0,14.0,25.0,1080.0,4.0,25.0,870.0,20.0,25.0,1316.0,2.0,25.0,1229.0,2.0,25.0,885.0,4.0,1
image_3,d3a876e9e8537b2d,5.6,0.0135,0.05,9.0,6.5,7.800000000000001,0.1,0.6,0.5,61.7,3.0,3.005,0.001,0.15,6.5,1.0,6.0,0.001,0.015,25.0,1000,8.5,25.0,1000,8,25.0,1000.0,9.0,25.0,1000.0,8.0,25.0,1080.0,4.0,25.0,870.0,20.0,25.0,1316.0,2.0,25.0,1229.0,2.0,25.0,885.0,4.0,1
image_4,30c3cad19e9f645d,5.6,0.0135,0.05,9.65,6.4,7.800000000000001,0.1,0.6,0.5,60.8,2.95,3.005,0.001,0.15,6.5,1.0,6.4,0.001,0.015,25.0,1200,8.5,25.0,1250,12,25.0,1250.0,1.0,25.0,861.25,1.0,25.0,1080.0,4.0,25.0,870.0,20.0,25.0,1316.0,2.0,25.0,1229.0,2.0,25.0,885.0,4.0,1
image_5,c465d42bbf2de7cf,5.6,0.0135,0.05,7.0,3.5,7.800000000000001,0.1,2.0,0.5,62.7,4.5,3.005,0.001,0.15,7.5,1.0,6.5,0.001,0.015,25.0,1339,6.0,25.0,1119,4,25.0,869.0,9.0,25.0,1110.0,6.0,25.0,1080.0,4.0,25.0,870.0,20.0,25.0,1316.0,2.0,25.0,1229.0,2.0,25.0,885.0,4.0,1
image_7,3913c747e4048fe4,5.24,0.0135,0.05,9.8,8.68,7.800000000000001,0.1,2.12,0.5,60.8,3.0,3.005,0.001,0.15,3.68,0.94,7.08,0.001,0.015,25.0,1180,2.0,25.0,1230,3,25.0,1100.0,4.0,25.0,870.0,14.0,25.0,1080.0,4.0,25.0,870.0,20.0,25.0,1316.0,2.0,25.0,1229.0,2.0,25.0,885.0,4.0,1
image_8,ec08cda4ab5dd4e7,6.16,0.0135,0.05,7.46,6.95,7.800000000000001,0.1,1.47,0.5,63.3,2.98,3.005,0.001,0.15,6.35,1.0,5.12,0.001,0.015,25.0,1300,2.0,25.0,1110,4,25.0,899.0,9.0,25.0,1110.0,6.0,25.0,1080.0,4.0,25.0,870.0,20.0,25.0,1316.0,2.0,25.0,1229.0,2.0,25.0,885.0,4.0,1
image_9,bcbc3e4122c2fe40,5.81,0.0135,0.05,12.02,3.97,7.800000000000001,0.1,4.1,0.5,55.925,5.44,3.005,0.001,0.15,4.0,1.0,5.0,0.001,0.015,25.0,1325,8.5,25.0,1333,12,25.0,1150.0,4.0,25.0,870.0,14.0,25.0,1080.0,4.0,25.0,870.0,20.0,25.0,1316.0,2.0,25.0,1229.0,2.0,25.0,885.0,4.0,1
image_10,8e76b2b8cc249039,5.6,0.0135,0.05,9.0,6.5,7.800000000000001,0.1,0.6,0.5,62.8,3.0,3.005,0.001,0.15,6.5,1.0,6.0,0.001,0.015,25.0,1321,3.0,25.0,1140,2,25.0,870.0,9.0,25.0,1110.0,6.0,25.0,1080.0,4.0,25.0,870.0,20.0,25.0,1316.0,2.0,25.0,1229.0,2.0,25.0,885.0,4.0,1
image_11,13459cf5f7ca3616,5.9,0.0135,0.05,7.0,7.5,7.800000000000001,0.1,2.5,0.5,68.1,2.5,3.005,0.001,0.15,3.4,1.0,2.0,0.001,0.015,25.0,1320,2.0,25.0,1080,5,25.0,900.0,8.0,25.0,1283.25,4.0,25.0,1080.0,4.0,25.0,870.0,20.0,25.0,1316.0,2.0,25.0,1229.0,2.0,25.0,885.0,4.0,1
image_12,39d17a700d057d4d,5.7,0.0135,0.05,9.7,6.4,7.800000000000001,0.1,0.6,0.5,59.7,2.9,3.005,0.001,0.15,6.5,1.0,6.4,0.001,0.015,25.0,1277,2.0,25.0,1288,2,25.0,1296.0,3.0,25.0,1283.25,3.0,25.0,1080.0,4.0,25.0,870.0,20.0,25.0,1316.0,2.0,25.0,1229.0,2.0,25.0,885.0,4.0,1
image_13,2f42d407d4b703fa,5.5,0.0135,0.05,4.0,9.0,7.800000000000001,0.1,1.35,0.5,68.125,3.0,3.005,0.001,0.15,6.470000000000001,1.625,5.0,0.001,0.015,25.0,1250,4.0,25.0,870,12,25.0,1150.0,4.0,25.0,1110.0,6.0,25.0,1080.0,4.0,25.0,870.0,20.0,25.0,1316.0,2.0,25.0,1229.0,2.0,25.0,885.0,4.0,1
image_14,2c0b5447e4c20436,4.267500000000001,0.0135,0.05,9.0,12.2,7.800000000000001,0.1,1.9,0.5,63.8,3.0,3.005,0.001,0.15,5.0,1.625,3.8,0.001,0.015,25.0,1204,1.0,25.0,1265,1,25.0,1080.0,4.0,25.0,870.0,14.0,25.0,1080.0,4.0,25.0,870.0,20.0,25.0,1316.0,2.0,25.0,1229.0,2.0,25.0,885.0,4.0,1
image_15,a8622f4c77f5f3e1,5.68,0.0135,0.05,9.7,6.44,7.800000000000001,0.1,0.59,0.5,60.7,2.97,3.005,0.001,0.15,6.44,0.94,6.36,0.001,0.015,25.0,1280,1.0,25.0,1290,2,25.0,1300.0,6.0,25.0,1110.0,6.0,25.0,1080.0,4.0,25.0,870.0,20.0,25.0,1316.0,2.0,25.0,1229.0,2.0,25.0,885.0,4.0,1
image_16,589b82bf1ac41421,6.3,0.0135,0.05,7.5,7.0,7.800000000000001,0.1,1.4,0.5,61.4,3.0,3.005,0.001,0.15,7.2,1.0,6.0,0.001,0.015,25.0,1290,2.0,25.0,1100,4,25.0,1050.0,4.0,25.0,900.0,4.0,25.0,1080.0,4.0,25.0,870.0,20.0,25.0,1316.0,2.0,25.0,1229.0,2.0,25.0,885.0,4.0,1
image_17,dccd070864e6c5ca,5.6,0.0135,0.05,9.2,8.1,7.800000000000001,0.1,0.5,0.5,61.0,3.0,3.005,0.001,0.15,3.2,1.4,9.5,0.001,0.015,25.0,1232,2.0,25.0,1260,2,25.0,1080.0,4.0,25.0,871.0,14.0,25.0,1080.0,4.0,25.0,870.0,20.0,25.0,1316.0,2.0,25.0,1229.0,2.0,25.0,885.0,4.0,1
image_19,1803c5eed0eb668a,6.0,0.0135,0.05,9.5,3.6,7.800000000000001,0.1,1.0,0.5,61.7,3.5,3.005,0.001,0.15,6.0,0.625,8.0,0.001,0.015,25.0,1280,2.0,25.0,1300,4,25.0,1320.0,4.0,25.0,1283.25,8.0,25.0,1080.0,4.0,25.0,870.0,20.0,25.0,1316.0,2.0,25.0,1229.0,2.0,25.0,885.0,4.0,2
image_21,cb22d96024bcccf3,4.267500000000001,0.0135,0.05,11.51,6.75,7.800000000000001,0.1,2.15,0.5,58.7,3.0,3.005,0.001,0.15,8.13,1.0,8.64,0.001,0.015,25.0,1280,2.0,25.0,1315,4,25.0,1325.0,4.0,25.0,1080.0,4.0,25.0,1080.0,4.0,25.0,870.0,20.0,25.0,1316.0,2.0,25.0,1229.0,2.0,25.0,885.0,4.0,1
image_23,e3e75a7774b749ed,4.267500000000001,0.0135,0.05,9.0,13.5,7.800000000000001,0.1,1.3,0.5,62.7,3.0,3.005,0.001,0.15,2.5,1.625,3.5,0.001,0.015,25.0,1220,2.0,25.0,1120,2,25.0,850.0,9.0,25.0,1205.0,4.0,25.0,1080.0,4.0,25.0,870.0,20.0,25.0,1316.0,2.0,25.0,1229.0,2.0,25.0,885.0,4.0,1
image_24,1b361ca6565828ef,6.8075,0.0135,0.05,12.0,3.5,7.800000000000001,0.1,3.5,0.5,55.925,5.4,3.005,0.001,0.15,6.0,1.0,6.0,0.001,0.015,25.0,1315,8.5,25.0,1325,12,25.0,1150.0,4.0,25.0,870.0,14.0,25.0,1080.0,4.0,25.0,870.0,20.0,25.0,1316.0,2.0,25.0,1229.0,2.0,25.0,885.0,4.0,1
image_28,e82e4332710ac3eb,4.267500000000001,0.0135,0.05,8.0,9.7,7.800000000000001,0.1,1.5,0.5,61.7,3.0,3.005,0.001,0.15,4.7,1.625,6.0,0.001,0.015,25.0,1000,2.0,25.0,1079,4,25.0,1150.0,4.0,25.0,1110.0,6.0,25.0,1080.0,4.0,25.0,870.0,20.0,25.0,1316.0,2.0,25.0,1229.0,2.0,25.0,885.0,4.0,1
image_29,470e1243b217779f,5.64,0.0135,0.05,9.7,6.4,7.800000000000001,0.1,0.6,0.5,60.7,2.9,3.005,0.001,0.15,6.5,1.05,6.4,0.001,0.015,25.0,1321,2.0,25.0,1140,6,25.0,871.0,9.0,25.0,1110.0,6.0,25.0,1080.0,4.0,25.0,870.0,20.0,25.0,1316.0,2.0,25.0,1229.0,2.0,25.0,885.0,4.0,1
image_30,64673ec3aab8de02,4.267500000000001,0.0135,0.05,9.5,14.0,7.800000000000001,0.1,1.2,0.5,60.0,3.0,3.005,0.001,0.15,3.6,1.625,3.8,0.001,0.015,25.0,1120,2.0,25.0,850,12,25.0,1210.0,2.0,25.0,1120.0,2.0,25.0,1080.0,4.0,25.0,870.0,20.0,25.0,1316.0,2.0,25.0,1229.0,2.0,25.0,885.0,4.0,1
image_31,dcead4c26d19cb38,6.0,0.0135,0.05,12.0,3.0,7.800000000000001,0.1,1.0,0.5,59.9,4.0,3.005,0.001,0.15,8.0,1.0,6.0,0.001,0.015,25.0,1320,8.5,25.0,1325,12,25.0,870.0,9.0,25.0,1180.0,4.0,25.0,1080.0,4.0,25.0,870.0,20.0,25.0,1316.0,2.0,25.0,1229.0,2.0,25.0,885.0,4.0,1
image_32,8fef9678a4f64b7e,5.9,0.0135,0.05,6.5,4.6,7.800000000000001,0.1,1.1,0.5,58.7,5.53,3.005,0.001,0.15,7.6,1.0,4.0,0.001,0.015,25.0,1180,2.0,25.0,1230,3,25.0,1100.0,4.0,25.0,870.0,14.0,25.0,1080.0,4.0,25.0,870.0,20.0,25.0,1316.0,2.0,25.0,1229.0,2.0,25.0,885.0,4.0,1
image_33,4f472ca69c5e3675,5.2,0.0135,0.05,8.5,3.8,7.800000000000001,0.1,1.5,0.5,65.5,2.5,3.005,0.001,0.15,6.0,1.0,7.0,0.001,0.015,25.0,1290,1.0,25.0,1300,2,25.0,1315.0,4.0,25.0,1120.0,4.0,25.0,1080.0,4.0,25.0,870.0,20.0,25.0,1316.0,2.0,25.0,1229.0,2.0,25.0,885.0,4.0,1
image_34,698991376bd98235,5.7,0.0135,0.05,3.0,2.0,7.800000000000001,0.1,0.4,0.5,68.125,5.53,3.005,0.001,0.15,8.0,0.625,5.0,0.001,0.015,25.0,1150,1.0,25.0,1150,3,25.0,1150.0,5.0,25.0,1110.0,6.0,25.0,1080.0,4.0,25.0,870.0,20.0,25.0,1316.0,2.0,25.0,1229.0,2.0,25.0,885.0,4.0,1
image_35,aeee1469833aceef,4.6,0.0135,0.05,5.0,14.0,7.800000000000001,0.1,1.0,0.5,68.125,3.0,3.005,0.001,0.15,8.0,1.0,4.0,0.001,0.015,25.0,1260,2.0,25.0,1280,2,25.0,1300.0,2.0,25.0,1283.25,2.0,25.0,1080.0,4.0,25.0,870.0,20.0,25.0,1316.0,2.0,25.0,1229.0,2.0,25.0,885.0,4.0,1
image_36,ff71ef03e1872750,5.7,0.0135,0.05,10.0,3.5,7.800000000000001,0.1,0.6,0.5,60.4,4.8,3.005,0.001,0.15,8.0,0.85,6.0,0.001,0.015,25.0,1000,8.5,25.0,1100,4,25.0,1340.0,9.0,25.0,1163.0,3.0,25.0,1080.0,4.0,25.0,870.0,20.0,25.0,1316.0,2.0,25.0,1229.0,2.0,25.0,885.0,4.0,1
image_37,91689f61c32ce697,5.6,0.0135,0.05,7.0,3.5,7.800000000000001,0.1,2.0,0.5,62.5,4.8,3.005,0.001,0.15,7.5,1.0,6.5,0.001,0.015,25.0,1280,2.0,25.0,1300,2,25.0,1310.0,6.0,25.0,1283.25,14.0,25.0,1080.0,4.0,25.0,870.0,20.0,25.0,1316.0,2.0,25.0,1229.0,2.0,25.0,885.0,4.0,3
image_38,691d0abc6e96b994,5.6,0.0135,0.05,9.0,4.3,7.800000000000001,0.1,2.0,0.5,59.9,2.0,3.005,0.001,0.15,7.5,1.0,9.0,0.001,0.015,25.0,1290,1.0,25.0,1300,2,25.0,1315.0,4.0,25.0,1120.0,4.0,25.0,1080.0,4.0,25.0,870.0,20.0,25.0,1316.0,2.0,25.0,1229.0,2.0,25.0,885.0,4.0,1
image_39,1803c5eed0eb668a,6.0,0.0135,0.05,9.5,3.6,7.800000000000001,0.1,1.0,0.5,61.7,3.5,3.005,0.001,0.15,6.0,0.625,8.0,0.001,0.015,25.0,1280,2.0,25.0,1300,4,25.0,1320.0,4.0,25.0,1283.25,8.0,25.0,1080.0,4.0,25.0,870.0,20.0,25.0,1316.0,2.0,25.0,1229.0,2.0,25.0,885.0,4.0,2
image_40,a5d8bb2fe483e136,6.0,0.0135,0.05,5.5,8.0,7.800000000000001,0.1,2.2,0.5,67.8,3.0,3.005,0.001,0.15,3.5,1.625,5.0,0.001,0.015,25.0,1080,6.0,25.0,870,12,25.0,1150.0,4.0,25.0,1110.0,6.0,25.0,1080.0,4.0,25.0,870.0,20.0,25.0,1316.0,2.0,25.0,1229.0,2.0,25.0,885.0,4.0,1
image_41,615b3a5ed0b5fe74,6.8075,0.0135,0.05,10.0,7.5,7.800000000000001,0.1,0.4,0.5,62.8,1.45,3.005,0.001,0.15,2.2,1.3,2.1,0.001,0.015,25.0,1000,8.5,25.0,1080,6,25.0,1150.0,4.0,25.0,1110.0,6.0,25.0,1080.0,4.0,25.0,870.0,20.0,25.0,1316.0,2.0,25.0,1229.0,2.0,25.0,885.0,4.0,1
image_42,665bc4ef253159c4,6.0,0.0135,0.05,9.0,3.0,7.800000000000001,0.1,1.5,0.5,61.3,4.0,3.005,0.001,0.15,8.0,1.0,7.0,0.001,0.015,25.0,1320,5.0,25.0,1330,12,25.0,1310.0,3.0,25.0,1283.25,2.0,25.0,1080.0,4.0,25.0,870.0,20.0,25.0,1316.0,2.0,25.0,1229.0,2.0,25.0,885.0,4.0,1
image_43,5bcb4054df18aa7d,4.267500000000001,0.0135,0.05,7.35,9.79,7.800000000000001,0.1,1.48,0.5,62.3,3.0,3.005,0.001,0.15,4.73,1.625,5.91,0.001,0.015,25.0,1000,8.5,25.0,925,12,25.0,925.0,9.0,25.0,925.0,14.0,25.0,1080.0,4.0,25.0,870.0,20.0,25.0,1316.0,2.0,25.0,1229.0,2.0,25.0,885.0,4.0,1
image_44,224375e5b74849ed,5.7,0.0135,0.05,9.7,6.4,7.800000000000001,0.1,0.6,0.5,60.7,2.9,3.005,0.001,0.15,6.5,1.0,6.4,0.001,0.015,25.0,1140,6.0,25.0,1277,2,25.0,1288.0,2.0,25.0,1283.25,3.0,25.0,1080.0,4.0,25.0,870.0,20.0,25.0,1316.0,2.0,25.0,1229.0,2.0,25.0,885.0,4.0,1
image_47,32fcd25f7e04a967,5.6,0.0135,0.05,9.6,6.5,7.800000000000001,0.1,0.6,0.5,60.7,3.0,3.005,0.001,0.15,6.5,1.0,6.4,0.001,0.015,25.0,1277,2.0,25.0,1288,3,25.0,1296.0,3.0,25.0,1283.25,2.0,25.0,1080.0,4.0,25.0,870.0,20.0,25.0,1316.0,2.0,25.0,1229.0,2.0,25.0,885.0,4.0,1
image_49,8e6aa1808581ae83,5.3,0.0135,0.05,7.8,4.9,7.800000000000001,0.1,1.9,0.5,62.4,2.4,3.005,0.001,0.15,6.0,0.625,8.7,0.001,0.015,25.0,1300,1.0,25.0,1320,5,25.0,1150.0,4.0,25.0,870.0,14.0,25.0,1080.0,4.0,25.0,870.0,20.0,25.0,1316.0,2.0,25.0,1229.0,2.0,25.0,885.0,4.0,1
image_50,000c1f293ee3f02c,5.7,0.0135,0.05,3.3,2.2,7.800000000000001,0.1,0.4,0.5,67.6,5.53,3.005,0.001,0.15,8.4,0.625,5.6,0.001,0.015,25.0,1140,6.0,25.0,1277,2,25.0,1288.0,2.0,25.0,1283.25,3.0,25.0,1080.0,4.0,25.0,870.0,20.0,25.0,1316.0,2.0,25.0,1229.0,2.0,25.0,885.0,4.0,1
image_51,91689f61c32ce697,5.6,0.0135,0.05,7.0,3.5,7.800000000000001,0.1,2.0,0.5,62.5,4.8,3.005,0.001,0.15,7.5,1.0,6.5,0.001,0.015,25.0,1280,2.0,25.0,1300,2,25.0,1310.0,6.0,25.0,1283.25,14.0,25.0,1080.0,4.0,25.0,870.0,20.0,25.0,1316.0,2.0,25.0,1229.0,2.0,25.0,885.0,4.0,3
image_52,88389f5ef1cfb09d,5.2,0.0135,0.05,6.7,8.8,7.800000000000001,0.1,2.0,0.5,63.6,3.0,3.005,0.001,0.15,8.0,1.2,5.6,0.001,0.015,25.0,1300,3.0,25.0,1100,5,25.0,870.0,9.0,25.0,1110.0,6.0,25.0,1080.0,4.0,25.0,870.0,20.0,25.0,1316.0,2.0,25.0,1229.0,2.0,25.0,885.0,4.0,1
image_53,a09f761737fbeb87,5.7,0.0135,0.05,3.0,2.0,7.800000000000001,0.1,0.4,0.5,68.125,5.53,3.005,0.001,0.15,8.0,0.625,5.0,0.001,0.015,25.0,1290,1.0,25.0,1300,2,25.0,1315.0,2.0,25.0,1283.25,4.0,25.0,1080.0,4.0,25.0,870.0,20.0,25.0,1316.0,2.0,25.0,1229.0,2.0,25.0,885.0,4.0,1
image_54,758b5aa2a1090e71,5.6,0.0135,0.05,4.6,7.9,7.800000000000001,0.1,0.5,0.5,66.2,3.0,3.005,0.001,0.15,6.0,1.0,8.0,0.001,0.015,25.0,1293,2.0,25.0,1298,3,25.0,1080.0,4.0,25.0,870.0,14.0,25.0,1080.0,4.0,25.0,870.0,20.0,25.0,1316.0,2.0,25.0,1229.0,2.0,25.0,885.0,4.0,1
image_55,3fac1f578c91864a,5.8,0.0135,0.05,9.3,6.2,7.800000000000001,0.1,0.6,0.5,60.8,3.0,3.005,0.001,0.15,6.9,1.0,6.3,0.001,0.015,25.0,1255,2.0,25.0,1265,4,25.0,1270.0,2.0,25.0,1120.0,4.0,25.0,1080.0,4.0,25.0,870.0,20.0,25.0,1316.0,2.0,25.0,1229.0,2.0,25.0,885.0,4.0,1
image_56,48257be1ba5bf243,5.67,0.0135,0.05,9.6,6.46,7.800000000000001,0.1,0.61,0.5,60.72,2.9,3.005,0.001,0.15,6.5,1.03,6.4,0.001,0.015,25.0,1315,6.0,25.0,1140,4,25.0,870.0,9.0,25.0,1110.0,6.0,25.0,1080.0,4.0,25.0,870.0,20.0,25.0,1316.0,2.0,25.0,1229.0,2.0,25.0,885.0,4.0,1
image_57,3bbc2a05a29eeed6,5.8,0.0135,0.05,9.3,6.2,7.800000000000001,0.1,0.6,0.5,60.9,2.9,3.005,0.001,0.15,6.9,1.0,6.3,0.001,0.015,25.0,1000,3.0,25.0,1320,4,25.0,1140.0,4.0,25.0,870.0,3.0,25.0,1080.0,4.0,25.0,870.0,20.0,25.0,1316.0,2.0,25.0,1229.0,2.0,25.0,885.0,4.0,1
image_58,fa41fd57b59a7446,4.8,0.0135,0.05,5.0,10.0,7.800000000000001,0.1,3.0,0.5,66.4,3.0,3.005,0.001,0.15,6.0,1.625,6.0,0.001,0.015,25.0,1326,2.0,25.0,1329,5,25.0,1336.0,9.0,25.0,1283.25,14.0,25.0,1080.0,4.0,25.0,870.0,20.0,25.0,1316.0,2.0,25.0,1229.0,2.0,25.0,885.0,4.0,1
image_59,eedf325ecfe5c29e,5.74,0.0135,0.05,8.03,6.3,7.800000000000001,0.1,2.04,0.5,63.23,3.02,3.005,0.001,0.15,5.14,1.0,6.5,0.001,0.015,25.0,1330,1.0,25.0,1335,3,25.0,1345.0,4.0,25.0,861.25,6.0,25.0,1080.0,4.0,25.0,870.0,20.0,25.0,1316.0,2.0,25.0,1229.0,2.0,25.0,885.0,4.0,1
image_60,e2834f5e40c2a4ca,5.7,0.0135,0.05,10.0,3.5,7.800000000000001,0.1,0.6,0.5,60.4,4.8,3.005,0.001,0.15,8.0,0.85,6.0,0.001,0.015,25.0,1000,6.0,25.0,1230,12,25.0,1250.0,9.0,25.0,1110.0,6.0,25.0,1080.0,4.0,25.0,870.0,20.0,25.0,1316.0,2.0,25.0,1229.0,2.0,25.0,885.0,4.0,1
image_61,4296d2f7fcf0d522,5.7,0.0135,0.05,10.0,6.0,7.800000000000001,0.1,0.6,0.5,58.7,3.0,3.005,0.001,0.15,9.0,0.8,9.0,0.001,0.015,25.0,1330,1.0,25.0,1335,3,25.0,1345.0,4.0,25.0,1100.0,6.0,25.0,1080.0,4.0,25.0,870.0,20.0,25.0,1316.0,2.0,25.0,1229.0,2.0,25.0,885.0,4.0,1
image_62,28fac796ee7c68c8,5.76,0.0135,0.05,9.51,5.83,7.800000000000001,0.1,0.58,0.5,59.8,3.0,3.005,0.001,0.15,8.48,0.78,9.02,0.001,0.015,25.0,1280,1.0,25.0,1290,1,25.0,1300.0,2.0,25.0,1283.25,10.0,25.0,1080.0,4.0,25.0,870.0,20.0,25.0,1316.0,2.0,25.0,1229.0,2.0,25.0,885.0,4.0,1
image_63,4560874b5929e25a,5.0,0.0135,0.05,7.0,7.5,7.800000000000001,0.1,3.0,0.5,68.125,3.0,3.005,0.001,0.15,2.0,1.0,2.9,0.001,0.015,25.0,1310,1.0,25.0,1320,5,25.0,1080.0,5.0,25.0,900.0,8.0,25.0,1080.0,4.0,25.0,870.0,20.0,25.0,1316.0,2.0,25.0,1229.0,2.0,25.0,885.0,4.0,1
image_64,901b6e773663bb07,5.62,0.0135,0.05,7.0,4.5,7.800000000000001,0.1,0.5,0.5,63.5,5.5,3.005,0.001,0.15,8.5,0.625,4.5,0.001,0.015,25.0,1345,8.0,25.0,1163,3,25.0,1100.0,4.0,25.0,870.0,14.0,25.0,1080.0,4.0,25.0,870.0,20.0,25.0,1316.0,2.0,25.0,1229.0,2.0,25.0,885.0,4.0,1
image_65,984507a46df589a0,5.7,0.0135,0.05,10.0,5.4,7.800000000000001,0.1,0.6,0.5,60.0,1.5,3.005,0.001,0.15,8.0,0.7,8.0,0.001,0.015,25.0,1000,2.0,25.0,1010,2,25.0,1030.0,3.0,25.0,861.25,4.0,25.0,1080.0,4.0,25.0,870.0,20.0,25.0,1316.0,2.0,25.0,1229.0,2.0,25.0,885.0,4.0,1
image_66,42380cb101f4d3f2,5.74,0.0135,0.05,8.03,6.4,7.800000000000001,0.1,2.04,0.5,63.23,3.02,3.005,0.001,0.15,5.04,1.0,6.5,0.001,0.015,25.0,1330,1.0,25.0,1335,3,25.0,1345.0,4.0,25.0,1100.0,6.0,25.0,1080.0,4.0,25.0,870.0,20.0,25.0,1316.0,2.0,25.0,1229.0,2.0,25.0,885.0,4.0,1
image_67,93da6175ef231f25,5.7,0.0135,0.05,3.0,2.0,7.800000000000001,0.1,0.4,0.5,68.125,5.53,3.005,0.001,0.15,8.0,0.625,5.0,0.001,0.015,25.0,1000,1.0,25.0,1230,2,25.0,1250.0,1.0,25.0,1110.0,6.0,25.0,1080.0,4.0,25.0,870.0,20.0,25.0,1316.0,2.0,25.0,1229.0,2.0,25.0,885.0,4.0,1
image_68,5e0050b21e9ac1b2,5.8,0.0135,0.05,8.0,4.5,7.800000000000001,0.1,2.0,0.5,63.2,3.0,3.005,0.001,0.15,7.5,1.0,6.0,0.001,0.015,25.0,1330,1.0,25.0,1335,3,25.0,1345.0,4.0,25.0,1100.0,6.0,25.0,1080.0,4.0,25.0,870.0,20.0,25.0,1316.0,2.0,25.0,1229.0,2.0,25.0,885.0,4.0,1
image_69,6ea77ed8339c9c50,4.267500000000001,0.0135,0.05,7.0,12.5,7.800000000000001,0.1,0.5,0.5,62.06,3.0,3.005,0.001,0.15,5.0,1.625,5.0,0.001,0.015,25.0,1227,1.0,25.0,1249,1,25.0,1260.0,2.0,25.0,1264.0,4.0,25.0,1080.0,4.0,25.0,870.0,20.0,25.0,1316.0,2.0,25.0,1229.0,2.0,25.0,885.0,4.0,1
image_70,26818fa816a726a2,4.267500000000001,0.0135,0.05,3.0,14.0,7.800000000000001,0.1,0.4,0.5,64.4,3.0,3.005,0.001,0.15,5.0,1.625,4.5,0.001,0.015,25.0,1204,1.0,25.0,1227,1,25.0,1250.0,2.0,25.0,1256.0,4.0,25.0,1080.0,4.0,25.0,870.0,20.0,25.0,1316.0,2.0,25.0,1229.0,2.0,25.0,885.0,4.0,1
image_71,8f9ec8e43ddf5194,6.8075,0.0135,0.05,10.0,7.5,7.800000000000001,0.1,0.4,0.5,62.8,1.45,3.005,0.001,0.15,2.2,1.3,2.1,0.001,0.015,25.0,1299,2.0,25.0,1309,6,25.0,750.0,1.0,25.0,1039.0,2.0,25.0,1080.0,4.0,25.0,870.0,20.0,25.0,1316.0,2.0,25.0,1229.0,2.0,25.0,885.0,4.0,1
image_72,7323783ed2b1f25e,5.6,0.0135,0.05,9.0,6.5,7.800000000000001,0.1,0.6,0.5,61.2,1.45,3.005,0.001,0.15,9.0,1.0,6.0,0.001,0.015,25.0,1280,2.0,25.0,1300,2,25.0,1305.0,2.0,25.0,1283.25,2.0,25.0,1080.0,4.0,25.0,870.0,20.0,25.0,1316.0,2.0,25.0,1229.0,2.0,25.0,885.0,4.0,1
image_73,fb0e49a26867896e,5.9,0.0135,0.05,9.0,4.6,7.800000000000001,0.1,1.1,0.5,65.3,5.53,3.005,0.001,0.15,7.6,1.0,4.0,0.001,0.015,25.0,1100,1.0,25.0,1150,2,25.0,900.0,2.0,25.0,1110.0,6.0,25.0,1080.0,4.0,25.0,870.0,20.0,25.0,1316.0,2.0,25.0,1229.0,2.0,25.0,885.0,4.0,1
image_74,5b9b59f962b394be,4.267500000000001,0.0135,0.05,9.0,14.0,7.800000000000001,0.1,4.0,0.5,58.1,3.0,3.005,0.001,0.15,6.470000000000001,1.625,6.0,0.001,0.015,25.0,1133,1.0,25.0,982,4,25.0,843.0,4.0,25.0,861.25,14.0,25.0,1080.0,4.0,25.0,870.0,20.0,25.0,1316.0,2.0,25.0,1229.0,2.0,25.0,885.0,4.0,1
image_75,a7dd209f5708f588,5.6,0.0135,0.05,9.3,5.0,7.800000000000001,0.1,0.7,0.5,61.2,3.0,3.005,0.001,0.15,4.5,0.7,8.6,0.001,0.015,25.0,1238,1.0,25.0,1243,1,25.0,1249.0,1.0,25.0,1110.0,6.0,25.0,1080.0,4.0,25.0,870.0,20.0,25.0,1316.0,2.0,25.0,1229.0,2.0,25.0,885.0,4.0,1
image_76,d52e37f42eddb6f2,6.16,0.0135,0.05,7.46,6.95,7.800000000000001,0.1,1.47,0.5,63.3,2.98,3.005,0.001,0.15,6.35,1.0,5.12,0.001,0.015,25.0,1300,2.0,25.0,1100,4,25.0,899.0,9.0,25.0,1110.0,6.0,25.0,1080.0,4.0,25.0,870.0,20.0,25.0,1316.0,2.0,25.0,1229.0,2.0,25.0,885.0,4.0,1
image_77,7d47ff43a59ad2fa,5.6,0.0135,0.05,9.0,4.3,7.800000000000001,0.1,2.0,0.5,60.9,2.0,3.005,0.001,0.15,7.5,1.0,8.0,0.001,0.015,25.0,1290,1.0,25.0,1300,2,25.0,1315.0,4.0,25.0,1120.0,4.0,25.0,1080.0,4.0,25.0,870.0,20.0,25.0,1316.0,2.0,25.0,1229.0,2.0,25.0,885.0,4.0,1
image_78,7fab85a28bd0a3ce,6.2,0.0135,0.05,9.5,5.0,7.800000000000001,0.1,3.0,0.5,55.925,5.0,3.005,0.001,0.15,9.0,1.0,8.5,0.001,0.015,25.0,1340,6.0,25.0,1120,4,25.0,870.0,9.0,25.0,1110.0,6.0,25.0,1080.0,4.0,25.0,870.0,20.0,25.0,1316.0,2.0,25.0,1229.0,2.0,25.0,885.0,4.0,1
image_79,82093a982c2a9f3f,4.267500000000001,0.0135,0.05,10.0,10.0,7.800000000000001,0.1,0.5,0.5,63.0,3.0,3.005,0.001,0.15,5.0,1.625,4.5,0.001,0.015,25.0,1230,2.0,25.0,1255,2,25.0,1130.0,4.0,25.0,870.0,14.0,25.0,1080.0,4.0,25.0,870.0,20.0,25.0,1316.0,2.0,25.0,1229.0,2.0,25.0,885.0,4.0,1
image_80,3edad70525590815,4.267500000000001,0.0135,0.05,10.0,10.0,7.800000000000001,0.1,0.5,0.5,61.0,2.0,3.005,0.001,0.15,5.0,1.625,4.5,0.001,0.015,25.0,1240,2.0,25.0,1265,2,25.0,1130.0,4.0,25.0,870.0,14.0,25.0,1080.0,4.0,25.0,870.0,20.0,25.0,1316.0,2.0,25.0,1229.0,2.0,25.0,885.0,4.0,1
image_81,2e7de6fe68df1c8c,5.8,0.0135,0.05,9.6,5.4,7.800000000000001,0.1,0.6,0.5,60.0,1.5,3.005,0.001,0.15,8.3,0.8,7.8,0.001,0.015,25.0,1275,2.0,25.0,1285,2,25.0,1300.0,2.0,25.0,1283.25,8.0,25.0,1080.0,4.0,25.0,870.0,20.0,25.0,1316.0,2.0,25.0,1229.0,2.0,25.0,885.0,4.0,1
image_82,f1a2edc7dfc38039,6.0,0.0135,0.05,5.5,8.0,7.800000000000001,0.1,2.2,0.5,67.6,3.0,3.005,0.001,0.15,3.5,1.625,5.0,0.001,0.015,25.0,1080,6.0,25.0,870,12,25.0,1150.0,4.0,25.0,1110.0,6.0,25.0,1080.0,4.0,25.0,870.0,20.0,25.0,1316.0,2.0,25.0,1229.0,2.0,25.0,885.0,4.0,1
image_83,28fbda0e028102c5,6.0,0.0135,0.05,5.5,8.0,7.800000000000001,0.1,2.25,0.5,67.7,3.0,3.005,0.001,0.15,3.5,1.625,5.0,0.001,0.015,25.0,1080,6.0,25.0,870,12,25.0,1150.0,4.0,25.0,1110.0,6.0,25.0,1080.0,4.0,25.0,870.0,20.0,25.0,1316.0,2.0,25.0,1229.0,2.0,25.0,885.0,4.0,1
image_84,b164f11a65090514,5.7,0.0135,0.05,9.7,6.5,7.800000000000001,0.1,0.6,0.5,60.5,3.0,3.005,0.001,0.15,6.6,1.0,6.4,0.001,0.015,25.0,1277,2.0,25.0,1288,2,25.0,1296.0,3.0,25.0,1283.25,3.0,25.0,1080.0,4.0,25.0,870.0,20.0,25.0,1316.0,2.0,25.0,1229.0,2.0,25.0,885.0,4.0,1
image_85,91330b317f16c2f1,5.5,0.0135,0.05,10.0,8.4,7.800000000000001,0.1,0.7,0.5,61.4,3.0,3.005,0.001,0.15,3.0,1.0,10.0,0.001,0.015,25.0,1185,2.0,25.0,871,12,25.0,1150.0,4.0,25.0,1110.0,6.0,25.0,1080.0,4.0,25.0,870.0,20.0,25.0,1316.0,2.0,25.0,1229.0,2.0,25.0,885.0,4.0,1
image_86,8f11a189c5561b9b,5.05,0.0135,0.05,9.8,8.56,7.800000000000001,0.1,1.35,0.5,62.1,3.0,3.005,0.001,0.15,6.470000000000001,1.625,10.0,0.001,0.015,25.0,1205,2.0,25.0,870,12,25.0,1150.0,4.0,25.0,1110.0,6.0,25.0,1080.0,4.0,25.0,870.0,20.0,25.0,1316.0,2.0,25.0,1229.0,2.0,25.0,885.0,4.0,1
image_87,d5d95d6c1e6d82ca,5.0,0.0135,0.05,5.0,8.0,7.800000000000001,0.1,2.0,0.5,64.6,3.0,3.005,0.001,0.15,6.1,1.5,7.8,0.001,0.015,25.0,1300,3.0,25.0,1080,6,25.0,870.0,9.0,25.0,1110.0,6.0,25.0,1080.0,4.0,25.0,870.0,20.0,25.0,1316.0,2.0,25.0,1229.0,2.0,25.0,885.0,4.0,1
image_88,2056e1dea28a50d8,5.8,0.0135,0.05,3.0,1.5,7.800000000000001,0.1,0.4,0.5,68.125,5.53,3.005,0.001,0.15,8.0,0.625,5.0,0.001,0.015,25.0,1000,8.5,25.0,800,12,25.0,1150.0,4.0,25.0,1110.0,6.0,25.0,1080.0,4.0,25.0,870.0,20.0,25.0,1316.0,2.0,25.0,1229.0,2.0,25.0,885.0,4.0,1
image_89,bbc86226ec552ea7,5.9,0.0135,0.05,9.98,8.38,7.800000000000001,0.1,0.64,0.5,59.8,3.0,3.005,0.001,0.15,3.12,1.06,9.55,0.001,0.015,25.0,1250,8.0,25.0,820,12,25.0,1150.0,4.0,25.0,1110.0,6.0,25.0,1080.0,4.0,25.0,870.0,20.0,25.0,1316.0,2.0,25.0,1229.0,2.0,25.0,885.0,4.0,1
image_90,7a8f5335869eff0e,6.0,0.0135,0.05,2.950000000000001,4.0,7.800000000000001,0.1,1.0,0.5,68.125,4.0,3.005,0.001,0.15,5.0,0.625,5.0,0.001,0.015,25.0,1100,4.0,25.0,870,12,25.0,1150.0,4.0,25.0,1110.0,6.0,25.0,1080.0,4.0,25.0,870.0,20.0,25.0,1316.0,2.0,25.0,1229.0,2.0,25.0,885.0,4.0,1
image_91,7dd7a5fcf7e921fd,6.0,0.0135,0.05,10.0,4.0,7.800000000000001,0.1,1.0,0.5,60.5,4.0,3.005,0.001,0.15,5.0,0.625,5.0,0.001,0.015,25.0,1100,4.0,25.0,870,12,25.0,1150.0,4.0,25.0,1110.0,6.0,25.0,1080.0,4.0,25.0,870.0,20.0,25.0,1316.0,2.0,25.0,1229.0,2.0,25.0,885.0,4.0,1
image_92,e11bee8c56767c2a,5.0,0.0135,0.05,5.0,8.0,7.800000000000001,0.1,2.0,0.5,64.5,3.0,3.005,0.001,0.15,6.0,1.5,8.0,0.001,0.015,25.0,1300,3.0,25.0,1100,4,25.0,850.0,9.0,25.0,1110.0,6.0,25.0,1080.0,4.0,25.0,870.0,20.0,25.0,1316.0,2.0,25.0,1229.0,2.0,25.0,885.0,4.0,1
image_93,33b02a380e3e28bf,5.0,0.0135,0.05,5.0,10.0,7.800000000000001,0.1,1.35,0.5,62.4,3.0,3.005,0.001,0.15,11.375,1.5,4.0,0.001,0.015,25.0,1295,1.0,25.0,1299,1,25.0,1302.0,9.0,25.0,1080.0,4.0,25.0,1080.0,4.0,25.0,870.0,20.0,25.0,1316.0,2.0,25.0,1229.0,2.0,25.0,885.0,4.0,1
image_94,d5e901c64d2cea39,4.267500000000001,0.0135,0.05,9.0,12.0,7.800000000000001,0.1,2.0,0.5,60.6,3.0,3.005,0.001,0.15,4.9,1.625,4.0,0.001,0.015,25.0,1230,4.0,25.0,1250,4,25.0,1080.0,4.0,25.0,1110.0,6.0,25.0,1080.0,4.0,25.0,870.0,20.0,25.0,1316.0,2.0,25.0,1229.0,2.0,25.0,885.0,4.0,1
image_95,fdfdc94f69967fa0,5.69,0.0135,0.05,9.92,4.97,7.800000000000001,0.1,1.92,0.5,60.0,2.89,3.005,0.001,0.15,8.57,1.0,5.9,0.001,0.015,25.0,1315,4.0,25.0,1079,4,25.0,750.0,9.0,25.0,1110.0,6.0,25.0,1080.0,4.0,25.0,870.0,20.0,25.0,1316.0,2.0,25.0,1229.0,2.0,25.0,885.0,4.0,1
image_96,bbe1c31593b037e9,5.55,0.0135,0.05,13.749999999999998,2.0,7.800000000000001,0.1,2.0,0.5,55.925,5.53,3.005,0.001,0.15,8.25,1.0,6.0,0.001,0.015,25.0,1316,2.0,25.0,1080,4,25.0,750.0,9.0,25.0,1110.0,6.0,25.0,1080.0,4.0,25.0,870.0,20.0,25.0,1316.0,2.0,25.0,1229.0,2.0,25.0,885.0,4.0,1
image_97,55506f42cf808510,5.2,0.0135,0.05,10.0,8.9,7.800000000000001,0.1,2.0,0.5,60.5,3.0,3.005,0.001,0.15,3.8,1.0,7.0,0.001,0.015,25.0,1180,2.0,25.0,1230,3,25.0,1100.0,4.0,25.0,870.0,14.0,25.0,1080.0,4.0,25.0,870.0,20.0,25.0,1316.0,2.0,25.0,1229.0,2.0,25.0,885.0,4.0,1
image_98,91689f61c32ce697,5.6,0.0135,0.05,7.0,3.5,7.800000000000001,0.1,2.0,0.5,62.5,4.8,3.005,0.001,0.15,7.5,1.0,6.5,0.001,0.015,25.0,1280,2.0,25.0,1300,2,25.0,1310.0,6.0,25.0,1283.25,14.0,25.0,1080.0,4.0,25.0,870.0,20.0,25.0,1316.0,2.0,25.0,1229.0,2.0,25.0,885.0,4.0,3
image_99,24557631a1f53635,5.8,0.0135,0.05,9.3,6.1,7.800000000000001,0.1,0.6,0.5,61.2,2.8,3.005,0.001,0.15,6.8,1.0,6.3,0.001,0.015,25.0,1140,4.0,25.0,870,12,25.0,1150.0,4.0,25.0,1110.0,6.0,25.0,1080.0,4.0,25.0,870.0,20.0,25.0,1316.0,2.0,25.0,1229.0,2.0,25.0,885.0,4.0,1
image_100,dadfad43effd07ca,5.2,0.0135,0.05,8.5,3.8,7.800000000000001,0.1,1.5,0.5,66.4,1.6,3.005,0.001,0.15,6.0,1.0,7.0,0.001,0.015,25.0,1290,1.0,25.0,1300,2,25.0,1315.0,4.0,25.0,1120.0,4.0,25.0,1080.0,4.0,25.0,870.0,20.0,25.0,1316.0,2.0,25.0,1229.0,2.0,25.0,885.0,4.0,1
image_101,fd8e08fb202d9ab3,5.2,0.0135,0.05,9.1,4.3,7.800000000000001,0.1,1.5,0.5,62.8,2.5,3.005,0.001,0.15,6.0,1.0,8.0,0.001,0.015,25.0,1290,1.0,25.0,1300,2,25.0,1318.0,6.0,25.0,1130.0,4.0,25.0,1080.0,4.0,25.0,870.0,20.0,25.0,1316.0,2.0,25.0,1229.0,2.0,25.0,885.0,4.0,1
image_102,f5b7c68d69524ae3,5.1,0.0135,0.05,9.5,8.7,7.800000000000001,0.1,1.5,0.5,62.6,3.0,3.005,0.001,0.15,7.6,1.625,9.9,0.001,0.015,25.0,1000,1.0,25.0,1100,3,25.0,1150.0,4.0,25.0,1110.0,6.0,25.0,1080.0,4.0,25.0,870.0,20.0,25.0,1316.0,2.0,25.0,1229.0,2.0,25.0,885.0,4.0,1
image_103,f3abd03121a9148a,5.9,0.0135,0.05,6.5,4.6,7.800000000000001,0.1,1.1,0.5,58.8,5.53,3.005,0.001,0.15,6.470000000000001,1.0,4.0,0.001,0.015,25.0,1000,6.0,25.0,1230,12,25.0,1250.0,9.0,25.0,1110.0,6.0,25.0,1080.0,4.0,25.0,870.0,20.0,25.0,1316.0,2.0,25.0,1229.0,2.0,25.0,885.0,4.0,1
image_104,538b999498dc3242,6.0,0.0135,0.05,12.0,3.0,7.800000000000001,0.1,2.0,0.5,58.3,5.0,3.005,0.001,0.15,6.0,1.0,6.0,0.001,0.015,25.0,1240,1.0,25.0,1280,2,25.0,1300.0,2.0,25.0,1283.25,8.0,25.0,1080.0,4.0,25.0,870.0,20.0,25.0,1316.0,2.0,25.0,1229.0,2.0,25.0,885.0,4.0,1
image_105,b89a9969cdaaae14,5.3,0.0135,0.05,7.8,4.9,7.800000000000001,0.1,1.9,0.5,62.4,2.4,3.005,0.001,0.15,6.0,0.625,8.7,0.001,0.015,25.0,1300,2.0,25.0,1320,5,25.0,1100.0,4.0,25.0,861.25,14.0,25.0,1080.0,4.0,25.0,870.0,20.0,25.0,1316.0,2.0,25.0,1229.0,2.0,25.0,885.0,4.0,1
image_106,5ed8a777a364f369,5.9,0.0135,0.05,5.8,3.2,7.800000000000001,0.1,2.8,0.5,63.7,5.0,3.005,0.001,0.15,5.6,1.0,5.9,0.001,0.015,25.0,1300,1.0,25.0,1340,5,25.0,1150.0,4.0,25.0,870.0,14.0,25.0,1080.0,4.0,25.0,870.0,20.0,25.0,1316.0,2.0,25.0,1229.0,2.0,25.0,885.0,4.0,1
image_107,a7802de813d2cc92,6.8075,0.0135,0.05,3.1,7.6,7.800000000000001,0.1,2.6,0.5,68.125,3.0,3.005,0.001,0.15,6.470000000000001,1.625,2.0,0.001,0.015,25.0,1299,2.0,25.0,1309,6,25.0,750.0,1.0,25.0,1039.0,2.0,25.0,1080.0,4.0,25.0,870.0,20.0,25.0,1316.0,2.0,25.0,1229.0,2.0,25.0,885.0,4.0,1
image_108,d8136db0cdc212de,5.8,0.0135,0.05,5.8,2.9,7.800000000000001,0.1,2.9,0.5,63.3,4.9,3.005,0.001,0.15,5.5,1.0,5.8,0.001,0.015,25.0,1300,1.0,25.0,1340,5,25.0,1150.0,4.0,25.0,870.0,14.0,25.0,1080.0,4.0,25.0,870.0,20.0,25.0,1316.0,2.0,25.0,1229.0,2.0,25.0,885.0,4.0,1
image_109,86cede3e523d39e5,6.2,0.0135,0.05,7.5,7.0,7.800000000000001,0.1,1.5,0.5,63.09,3.0,3.005,0.001,0.15,6.5,1.0,5.0,0.001,0.015,25.0,1265,2.0,25.0,1050,2,25.0,870.0,9.0,25.0,1110.0,6.0,25.0,1080.0,4.0,25.0,870.0,20.0,25.0,1316.0,2.0,25.0,1229.0,2.0,25.0,885.0,4.0,1
